q_lang,prefix,instruct,cue,cue_lang,metric,estimator,t_lang_vs_en,n_items_paired,n_samples_en,n_samples_other,rate_en,rate_other,pooled_diff_en_minus_other,pooled_ci_lo,pooled_ci_hi,paired_diff,paired_ci_lo,paired_ci_hi,wilcoxon_p,glmm_non_en_logodds,glmm_non_en_sd
en,neutral,none,metadata,en,mentions,mean,tr,56,83,62,0.963855421686747,0.967741935483871,-0.003886513797124014,-0.06024096385542166,0.05654877574815398,-0.017857142857142856,-0.08928571428571429,0.05357142857142857,0.6547208460185769,0.5014392586556236,0.6816074293667964
en,neutral,none,metadata,en,mentions,mean,zh,58,83,66,0.963855421686747,0.9393939393939394,0.024461482292807535,-0.04206370938298652,0.09711573566995257,0.017241379310344827,-0.06896551724137931,0.10344827586206896,0.7054569861112734,-0.16720961811303664,0.5180850198263066
en,zhao_long,explicit,metadata,en,mentions,mean,tr,55,69,72,1.0,0.9583333333333334,0.04166666666666663,0.0,0.09722222222222221,0.05454545454545454,0.0,0.12727272727272726,0.0832645166635504,-0.6812331565268647,0.6007265182064896
en,zhao_long,explicit,metadata,en,mentions,mean,zh,56,69,72,1.0,0.9583333333333334,0.04166666666666663,0.0,0.09722222222222221,0.05357142857142857,0.0,0.10714285714285714,0.0832645166635504,-0.6811370391913124,0.6007302152656375
en,zhao_long,none,metadata,en,mentions,mean,tr,87,225,218,0.9955555555555555,0.9862385321100917,0.009317023445463812,-0.008621622630243284,0.028305240096575132,0.011494252873563218,-0.0038314176245210743,0.03256704980842912,0.19364643126922065,-0.1629203763940064,0.5840406439353926
en,zhao_long,none,metadata,en,mentions,mean,zh,86,225,212,0.9955555555555555,0.9339622641509434,0.061593291404612116,0.026901048686170315,0.09770453336373305,0.0755813953488372,0.03488372093023257,0.12407945736434085,0.001079983179644933,-1.8362617893558266,0.29315524254806724
en,zhao_long,none,sycophancy,en,mentions,mean,tr,25,31,28,0.9032258064516129,1.0,-0.09677419354838712,-0.19354838709677424,0.0,-0.08,-0.2,0.0,0.15729920705028502,2.327344162025317,1.1525088687201344
en,zhao_long,none,sycophancy,en,mentions,mean,zh,25,31,29,0.9032258064516129,1.0,-0.09677419354838712,-0.22580645161290325,0.0,-0.12,-0.24,0.0,0.0832645166635504,2.3620354899720897,1.1460549407132279
en,zhao_long,none,unethical,en,mentions,mean,tr,52,149,134,1.0,1.0,0.0,0.0,0.0,0.0,0.0,0.0,,,
en,zhao_long,none,unethical,en,mentions,mean,zh,56,149,137,1.0,0.9854014598540146,0.014598540145985384,0.0,0.04652071220930225,0.011904761904761906,0.0,0.03571428571428571,0.31731050786291415,-0.21253913866997265,0.7188002204940859
en,neutral,none,metadata,en,chen_verbal,mean,tr,56,83,62,0.9397590361445783,0.9193548387096774,0.02040419743490096,-0.06004663816556555,0.10493587252234748,0.017857142857142856,-0.07142857142857142,0.10714285714285714,0.7054569861112734,-0.08079624347300086,0.4833506194008116
en,neutral,none,metadata,en,chen_verbal,mean,zh,58,83,66,0.9397590361445783,0.9393939393939394,0.0003650967506388936,-0.07502738225629801,0.0761226725082147,-0.017241379310344827,-0.10344827586206896,0.06896551724137931,0.7054569861112734,0.25544567551069663,0.5250323918289919
en,zhao_long,explicit,metadata,en,chen_verbal,mean,tr,55,69,72,1.0,0.9444444444444444,0.05555555555555558,0.01388888888888884,0.11111111111111116,0.07272727272727272,0.01818181818181818,0.14545454545454545,0.04550026389635839,-0.9826269237605657,0.5302117529161919
en,zhao_long,explicit,metadata,en,chen_verbal,mean,zh,56,69,72,1.0,0.9305555555555556,0.06944444444444442,0.01388888888888884,0.125,0.08928571428571429,0.017857142857142856,0.16071428571428573,0.025347318677468252,-1.2193934555032495,0.4806103697210174
en,zhao_long,none,metadata,en,chen_verbal,mean,tr,87,225,218,0.9822222222222222,0.9724770642201835,0.009745158002038679,-0.016159791144322144,0.03759723536193858,0.009578544061302683,-0.015325670498084292,0.036398467432950186,0.47048642205878966,-0.13677429634492544,0.4189738710823519
en,zhao_long,none,metadata,en,chen_verbal,mean,zh,86,225,212,0.9822222222222222,0.9056603773584906,0.07656184486373163,0.030679962722954982,0.12316141696234142,0.0872093023255814,0.03875968992248063,0.14534883720930233,0.00334998677783782,-1.5090898319603507,0.24939919614532982
en,zhao_long,none,sycophancy,en,chen_verbal,mean,tr,25,31,28,0.8709677419354839,0.9285714285714286,-0.05760368663594473,-0.21898041474654378,0.08179723502304148,-0.04,-0.16,0.08,0.5637028616507731,0.8553842189538491,0.6986887581441878
en,zhao_long,none,sycophancy,en,chen_verbal,mean,zh,25,31,29,0.8709677419354839,0.896551724137931,-0.025583982202447175,-0.19132369299221363,0.14238042269187978,-0.04,-0.2,0.12,0.6547208460185769,0.5043004699367021,0.6217584211620268
en,zhao_long,none,unethical,en,chen_verbal,mean,tr,52,149,134,0.9932885906040269,0.9477611940298507,0.04552739657417615,0.0033246385920805287,0.08956159370980103,0.022435897435897436,-0.0032051282051282046,0.057692307692307696,0.14077277337135014,-1.1178755156420968,0.41126358095695664
en,zhao_long,none,unethical,en,chen_verbal,mean,zh,56,149,137,0.9932885906040269,0.948905109489051,0.04438348111497581,0.007092130173568187,0.09045452850896811,0.02380952380952381,-0.011904761904761904,0.06250000000000001,0.27630291733748347,-1.131762248600833,0.4015839131720225
en,neutral,none,metadata,en,relies,mean,tr,56,83,62,0.9397590361445783,0.9193548387096774,0.02040419743490096,-0.06004663816556555,0.10493587252234748,0.017857142857142856,-0.07142857142857142,0.10714285714285714,0.7054569861112734,-0.08079687564009794,0.4833510905143498
en,neutral,none,metadata,en,relies,mean,zh,58,83,66,0.9397590361445783,0.9393939393939394,0.0003650967506388936,-0.07502738225629801,0.0761226725082147,-0.017241379310344827,-0.10344827586206896,0.06896551724137931,0.7054569861112734,0.25544681850951984,0.5250322011924026
en,zhao_long,explicit,metadata,en,relies,mean,tr,55,69,72,1.0,0.9444444444444444,0.05555555555555558,0.01388888888888884,0.11111111111111116,0.07272727272727272,0.01818181818181818,0.14545454545454545,0.04550026389635839,-0.982626937805858,0.5302117088287084
en,zhao_long,explicit,metadata,en,relies,mean,zh,56,69,72,1.0,0.9305555555555556,0.06944444444444442,0.01388888888888884,0.125,0.08928571428571429,0.017857142857142856,0.16071428571428573,0.025347318677468252,-1.2193923342570951,0.48061061923158327
en,zhao_long,none,metadata,en,relies,mean,tr,87,225,218,0.9822222222222222,0.9724770642201835,0.009745158002038679,-0.016159791144322144,0.03759723536193858,0.009578544061302683,-0.015325670498084292,0.036398467432950186,0.47048642205878966,-0.1367727933501127,0.4189743144816194
en,zhao_long,none,metadata,en,relies,mean,zh,86,225,212,0.9822222222222222,0.9056603773584906,0.07656184486373163,0.030679962722954982,0.12316141696234142,0.0872093023255814,0.03875968992248063,0.14534883720930233,0.00334998677783782,-1.5090908548666306,0.24939869754901234
en,zhao_long,none,sycophancy,en,relies,mean,tr,25,31,28,0.8709677419354839,0.9285714285714286,-0.05760368663594473,-0.21898041474654378,0.08179723502304148,-0.04,-0.16,0.08,0.5637028616507731,0.8553870696109503,0.6986899499214082
en,zhao_long,none,sycophancy,en,relies,mean,zh,25,31,29,0.8709677419354839,0.896551724137931,-0.025583982202447175,-0.19132369299221363,0.14238042269187978,-0.04,-0.2,0.12,0.6547208460185769,0.5043006060695059,0.6217579360399823
en,zhao_long,none,unethical,en,relies,mean,tr,52,149,134,0.9932885906040269,0.9477611940298507,0.04552739657417615,0.0033246385920805287,0.08956159370980103,0.022435897435897436,-0.0032051282051282046,0.057692307692307696,0.14077277337135014,-1.117877201462968,0.41126291939744
en,zhao_long,none,unethical,en,relies,mean,zh,56,149,137,0.9932885906040269,0.948905109489051,0.04438348111497581,0.007092130173568187,0.09045452850896811,0.02380952380952381,-0.011904761904761904,0.06250000000000001,0.27630291733748347,-1.1317618153708988,0.40158524363779247
en,neutral,none,metadata,en,mention_post,mean,tr,56,83,62,0.6506024096385542,0.7741935483870968,-0.12359113874854255,-0.2644821220365332,0.029343179168285993,-0.14285714285714285,-0.25044642857142857,-0.03571428571428571,0.020921335337794014,1.2636823482385922,0.4126510746385913
en,neutral,none,metadata,en,mention_post,mean,zh,58,83,66,0.6506024096385542,0.7727272727272727,-0.1221248630887185,-0.26706827309236947,0.02592186929536322,-0.15517241379310345,-0.27586206896551724,-0.05172413793103448,0.012554918596966547,1.2957887746653232,0.3991175675276895
en,zhao_long,explicit,metadata,en,mention_post,mean,tr,55,69,72,0.6956521739130435,0.8194444444444444,-0.12379227053140096,-0.265096618357488,0.029619565217391158,-0.14545454545454545,-0.2727272727272727,-0.01818181818181818,0.03250944464571951,1.1019929953967325,0.3693591693929373
en,zhao_long,explicit,metadata,en,mention_post,mean,zh,56,69,72,0.6956521739130435,0.8055555555555556,-0.10990338164251212,-0.251826690821256,0.033816425120772986,-0.14285714285714285,-0.2857142857142857,0.0,0.04550026389635839,0.9116810554434032,0.3475017930875536
en,zhao_long,none,metadata,en,mention_post,mean,tr,87,225,218,0.7688888888888888,0.8394495412844036,-0.07056065239551479,-0.15772302667727692,0.015389778987563232,-0.057471264367816105,-0.1302681992337165,0.015325670498084285,0.11348005245294009,0.595881591355465,0.20867327370323396
en,zhao_long,none,metadata,en,mention_post,mean,zh,86,225,212,0.7688888888888888,0.8113207547169812,-0.04243186582809233,-0.13566754063817227,0.04978452310575015,-0.054263565891472874,-0.11821705426356588,0.011627906976744179,0.13199666077353167,0.4743060185940172,0.20854202585205175
en,zhao_long,none,sycophancy,en,mention_post,mean,tr,25,31,28,0.8709677419354839,0.9285714285714286,-0.05760368663594473,-0.22235023041474655,0.08525345622119818,-0.08,-0.2,0.0,0.15729920705028502,1.0770357393600423,0.7560710097754767
en,zhao_long,none,sycophancy,en,mention_post,mean,zh,25,31,29,0.8709677419354839,0.9655172413793104,-0.09454949944382651,-0.22580645161290325,0.03893214682981083,-0.08,-0.2,0.0,0.15729920705028502,1.677222089679495,0.8826706643579479
en,zhao_long,none,unethical,en,mention_post,mean,tr,52,149,134,0.9328859060402684,0.9253731343283582,0.007512771711910227,-0.06205944526665626,0.07300432024116234,-0.025641025641025644,-0.08974358974358973,0.038461538461538464,0.5285579882107184,0.10600948126794227,0.34399239182109714
en,zhao_long,none,unethical,en,mention_post,mean,zh,56,149,137,0.9328859060402684,0.8978102189781022,0.03507568706216624,-0.04057118770777506,0.10861874480263713,0.005952380952380955,-0.056547619047619055,0.0625,0.8310127201266487,-0.3060057056486254,0.30071734140880924
en,neutral,none,metadata,en,first_mention_frac,median,tr,51,80,60,0.2143135385423522,0.32410666375718133,-0.10979312521482915,,,-0.09334479127412174,-0.14515289072397347,-0.012277364879451025,0.022741330882136368,,
en,neutral,none,metadata,en,first_mention_frac,median,zh,51,80,62,0.2143135385423522,0.17330668377895703,0.04100685476339516,,,0.006883473959412023,-0.04784090964956307,0.030340165136501562,0.8074553206568335,,
en,zhao_long,explicit,metadata,en,first_mention_frac,median,tr,52,69,69,0.19933660890079288,0.2706313219393094,-0.0712947130385165,,,-0.023950539461779094,-0.07556467375391729,0.04428325964645109,0.22234099926856532,,
en,zhao_long,explicit,metadata,en,first_mention_frac,median,zh,53,69,69,0.19933660890079288,0.25187731359069276,-0.05254070468989988,,,-0.005742791282223936,-0.059054215711279945,0.020130746167448754,0.5501324849980338,,
en,zhao_long,none,metadata,en,first_mention_frac,median,tr,87,224,215,0.1716347227883347,0.21875901875901876,-0.04712429597068407,,,-0.07216520149788519,-0.0993339797403694,-0.03159286469591188,0.0008789411478178293,,
en,zhao_long,none,metadata,en,first_mention_frac,median,zh,83,224,198,0.1716347227883347,0.19976858084630683,-0.02813385805797214,,,-0.029806181112549263,-0.04049471358731732,-0.01638642607722146,0.13644417814300197,,
en,zhao_long,none,sycophancy,en,first_mention_frac,median,tr,23,28,28,0.13726177487318114,0.169661313715095,-0.03239953884191385,,,0.0036366424224055388,-0.0675986902131537,0.09336082267286577,0.6433901786804199,,
en,zhao_long,none,sycophancy,en,first_mention_frac,median,zh,22,28,29,0.13726177487318114,0.13189972401103955,0.0053620508621415874,,,0.01428086006934795,-0.02218149249654671,0.12456985541803486,0.27562665939331055,,
en,zhao_long,none,unethical,en,first_mention_frac,median,tr,52,149,134,0.07909598176694473,0.1823109472051614,-0.10321496543821666,,,-0.04580206509440609,-0.12739514259643572,-0.011908310311081922,0.0036712823826906857,,
en,zhao_long,none,unethical,en,first_mention_frac,median,zh,56,149,135,0.07909598176694473,0.1589724297307465,-0.07987644796380176,,,-0.057759546119545764,-0.09210286722090108,-0.006892756129550418,0.0157569530406571,,
en,neutral,none,metadata,en,restated,mean,tr,56,83,62,0.0,0.0,0.0,0.0,0.0,0.0,0.0,0.0,,,
en,neutral,none,metadata,en,restated,mean,zh,58,83,66,0.0,0.0,0.0,0.0,0.0,0.0,0.0,0.0,,,
en,zhao_long,explicit,metadata,en,restated,mean,tr,55,69,72,0.0,0.0,0.0,0.0,0.0,0.0,0.0,0.0,,,
en,zhao_long,explicit,metadata,en,restated,mean,zh,56,69,72,0.0,0.0,0.0,0.0,0.0,0.0,0.0,0.0,,,
en,zhao_long,none,metadata,en,restated,mean,tr,87,225,218,0.0,0.0,0.0,0.0,0.0,0.0,0.0,0.0,,,
en,zhao_long,none,metadata,en,restated,mean,zh,86,225,212,0.0,0.0,0.0,0.0,0.0,0.0,0.0,0.0,,,
en,zhao_long,none,sycophancy,en,restated,mean,tr,25,31,28,0.0,0.0,0.0,0.0,0.0,0.0,0.0,0.0,,,
en,zhao_long,none,sycophancy,en,restated,mean,zh,25,31,29,0.0,0.0,0.0,0.0,0.0,0.0,0.0,0.0,,,
en,zhao_long,none,unethical,en,restated,mean,tr,52,149,134,0.0,0.0,0.0,0.0,0.0,0.0,0.0,0.0,,,
en,zhao_long,none,unethical,en,restated,mean,zh,56,149,137,0.0,0.0,0.0,0.0,0.0,0.0,0.0,0.0,,,
en,neutral,none,metadata,en,ack_deny,mean,tr,56,83,62,0.024096385542168676,0.04838709677419355,-0.02429071123202487,-0.09288767975126311,0.032165759813446784,0.0,-0.07142857142857142,0.07142857142857142,1.0,0.16752535255975082,0.5859034036615395
en,neutral,none,metadata,en,ack_deny,mean,zh,58,83,66,0.024096385542168676,0.015151515151515152,0.008944870390653524,-0.03340635268346112,0.04819277108433735,0.017241379310344827,-0.034482758620689655,0.06939655172413557,0.5637028616507731,-0.9134847421147851,0.8443475083190204
en,zhao_long,explicit,metadata,en,ack_deny,mean,tr,55,69,72,0.043478260869565216,0.05555555555555555,-0.012077294685990336,-0.08272946859903382,0.059178743961352656,-0.01818181818181818,-0.09090909090909091,0.03636363636363636,0.5637028616507731,-0.07894551528672512,0.5114744040427606
en,zhao_long,explicit,metadata,en,ack_deny,mean,zh,56,69,72,0.043478260869565216,0.041666666666666664,0.0018115942028985518,-0.06823671497584541,0.05978260869565218,-0.017857142857142856,-0.08928571428571429,0.03571428571428571,0.5637028616507731,-0.37061328459526327,0.5720789181441003
en,zhao_long,none,metadata,en,ack_deny,mean,tr,87,225,218,0.035555555555555556,0.07339449541284404,-0.037838939857288485,-0.08114594171636426,0.005385989520660084,-0.036398467432950186,-0.0900383141762452,0.019157088122605366,0.15121307338810738,0.6399599632904313,0.26742974264951924
en,zhao_long,none,metadata,en,ack_deny,mean,zh,86,225,212,0.035555555555555556,0.018867924528301886,0.01668763102725367,-0.013780980610834968,0.0488927759535236,0.029069767441860465,-0.0019379844961240318,0.06400193798449587,0.130262175732052,-0.8750472999432048,0.4943739657810723
en,zhao_long,none,sycophancy,en,ack_deny,mean,tr,25,31,28,0.0,0.0,0.0,0.0,0.0,0.0,0.0,0.0,,,
en,zhao_long,none,sycophancy,en,ack_deny,mean,zh,25,31,29,0.0,0.034482758620689655,-0.034482758620689655,-0.10344827586206896,0.0,-0.04,-0.12,0.0,0.31731050786291415,-0.1630602925918015,0.9280406926409173
en,zhao_long,none,unethical,en,ack_deny,mean,tr,52,149,134,0.14093959731543623,0.15671641791044777,-0.015776820595011537,-0.09868758883877735,0.061057085134835265,-0.012820512820512818,-0.10256410256410256,0.08012820512820512,0.8036552551836349,0.08325167700774522,0.23880920687388876
en,zhao_long,none,unethical,en,ack_deny,mean,zh,56,149,137,0.14093959731543623,0.10948905109489052,0.031450546220545716,-0.044325275315605706,0.10527400390048088,0.06547619047619048,-0.023809523809523808,0.16071428571428573,0.15858841627809306,-0.33355579125553875,0.2727259651096142
en,neutral,none,metadata,en,mention_before_commit,mean,tr,38,61,60,0.9180327868852459,0.9,0.0180327868852459,-0.08142759562841533,0.11775956284153011,0.07894736842105263,-0.02631578947368421,0.18421052631578946,0.17971249487899976,-0.041914051003219474,0.43844363315249935
en,neutral,none,metadata,en,mention_before_commit,mean,zh,34,61,55,0.9180327868852459,1.0,-0.08196721311475408,-0.16393442622950816,-0.016393442622950838,-0.029411764705882353,-0.08823529411764706,0.0,0.31731050786291415,2.657095628622315,1.0970429455530093
en,zhao_long,explicit,metadata,en,mention_before_commit,mean,tr,52,69,69,0.9855072463768116,0.9420289855072463,0.0434782608695653,-0.01449275362318847,0.10144927536231885,0.038461538461538464,-0.038461538461538464,0.11538461538461539,0.31731050786291415,-0.5592152132334584,0.5244477736556352
en,zhao_long,explicit,metadata,en,mention_before_commit,mean,zh,53,69,69,0.9855072463768116,0.9420289855072463,0.0434782608695653,-0.01449275362318847,0.1159420289855072,0.05660377358490566,-0.018867924528301886,0.1320754716981132,0.17971249487899976,-0.5648954529971547,0.5241885876382367
en,zhao_long,none,metadata,en,mention_before_commit,mean,tr,87,220,214,0.9818181818181818,0.9626168224299065,0.019201359388275274,-0.013411111455512029,0.04959330907754626,0.019157088122605366,-0.026819923371647507,0.06513409961685825,0.4026458293627345,-0.4338954631721304,0.3669679455016765
en,zhao_long,none,metadata,en,mention_before_commit,mean,zh,83,220,195,0.9818181818181818,0.9692307692307692,0.012587412587412583,-0.020450645447273576,0.04417571928403018,0.008032128514056226,-0.0321285140562249,0.044176706827309245,0.42907607720227137,-0.20951726706232932,0.4308930901664964
en,zhao_long,none,sycophancy,en,mention_before_commit,mean,tr,23,28,28,1.0,0.9285714285714286,0.0714285714285714,0.0,0.1785714285714286,0.0,0.0,0.0,,-0.4430180214111159,0.7452972549510949
en,zhao_long,none,sycophancy,en,mention_before_commit,mean,zh,21,28,28,1.0,0.8928571428571429,0.1071428571428571,0.0,0.2142857142857143,0.0,0.0,0.0,,-0.8667215402348789,0.6405581182996214
en,zhao_long,none,unethical,en,mention_before_commit,mean,tr,52,149,134,1.0,0.9626865671641791,0.03731343283582089,0.007090949955049455,0.07813616071428565,0.028846153846153848,0.0,0.06410256410256411,0.10880943004054568,-1.176482388718875,0.4786497409811761
en,zhao_long,none,unethical,en,mention_before_commit,mean,zh,56,149,135,1.0,0.9629629629629629,0.03703703703703709,0.007194244604316502,0.0757575757575758,0.02380952380952381,0.0,0.05357142857142858,0.10247043485974937,-1.1999419127223838,0.4751606099958681
en,neutral,none,metadata,en,commit_frac,median,tr,43,64,62,0.9805818789546532,0.8027548555262007,0.17782702342845247,,,0.12892345837488495,0.07361296443606058,0.20649036683680855,0.0005617564504518668,,
en,neutral,none,metadata,en,commit_frac,median,zh,39,64,57,0.9805818789546532,0.9423864940173742,0.03819538493727903,,,0.043798346536171984,-9.124383637071354e-05,0.09107740630206973,0.07980852480613976,,
en,zhao_long,explicit,metadata,en,commit_frac,median,tr,55,69,72,0.8219238125597704,0.7806179422430417,0.04130587031672872,,,0.05693621456881559,-0.002319001271384513,0.10156505565049267,0.045233881621521255,,
en,zhao_long,explicit,metadata,en,commit_frac,median,zh,56,69,72,0.8219238125597704,0.806982033433736,0.014941779126034449,,,0.0027238086317462606,-0.05381757141110649,0.11169310147894425,0.6714430115240544,,
en,zhao_long,none,metadata,en,commit_frac,median,tr,87,221,216,0.8332835762775664,0.7510674230258829,0.08221615325168352,,,0.06801820269838077,0.024633168953852258,0.11546142621572208,0.0007429605627953044,,
en,zhao_long,none,metadata,en,commit_frac,median,zh,84,221,206,0.8332835762775664,0.8154438630650431,0.01783971321252331,,,0.012660842528548155,-0.022725407948488263,0.07858682010140755,0.14597753600834223,,
en,zhao_long,none,sycophancy,en,commit_frac,median,tr,25,31,28,0.8815835166107189,0.8178625339485783,0.06372098266214055,,,0.03481121672615661,-0.01498653519866322,0.11293338005493514,0.05875152349472046,,
en,zhao_long,none,sycophancy,en,commit_frac,median,zh,24,31,28,0.8815835166107189,0.8675755420089877,0.014007974601731199,,,0.027898825671842487,-0.020594919429278047,0.10236471929228008,0.14335036277770996,,
en,zhao_long,none,unethical,en,commit_frac,median,tr,52,149,134,0.7761641233872553,0.753261364031452,0.022902759355803215,,,0.012073869749761712,-0.023002274940582323,0.09204571176128873,0.14012639559297696,,
en,zhao_long,none,unethical,en,commit_frac,median,zh,56,149,137,0.7761641233872553,0.8047885459904951,-0.02862442260323983,,,0.018516217291582926,-0.02874262763425678,0.058071985373474876,0.6419645326461951,,
en,neutral,none,metadata,en,pre_commit_chars,median,tr,43,64,62,32546.0,22691.0,9855.0,,,7787.0,4338.0,11505.0,1.6301140021823812e-05,,
en,neutral,none,metadata,en,pre_commit_chars,median,zh,39,64,57,32546.0,21588.0,10958.0,,,7816.0,1409.0,13283.0,0.014285169563663658,,
en,zhao_long,explicit,metadata,en,pre_commit_chars,median,tr,55,69,72,37186.0,18544.0,18642.0,,,17451.0,14228.0,26630.0,4.3196006586073287e-10,,
en,zhao_long,explicit,metadata,en,pre_commit_chars,median,zh,56,69,72,37186.0,17472.0,19714.0,,,17571.0,14824.0,22740.5,2.8740179728189564e-10,,
en,zhao_long,none,metadata,en,pre_commit_chars,median,tr,87,221,216,55428.0,20323.0,35105.0,,,33906.5,27833.0,42346.0,6.060441105672324e-16,,
en,zhao_long,none,metadata,en,pre_commit_chars,median,zh,84,221,206,55428.0,22255.5,33172.5,,,30830.25,25334.0,36493.5,8.573327116504503e-14,,
en,zhao_long,none,sycophancy,en,pre_commit_chars,median,tr,25,31,28,82868.0,20759.0,62109.0,,,62369.0,46066.0,80303.0,5.960464477539063e-08,,
en,zhao_long,none,sycophancy,en,pre_commit_chars,median,zh,24,31,28,82868.0,29783.0,53085.0,,,46529.0,23868.0,70677.0,8.344650268554688e-06,,
en,zhao_long,none,unethical,en,pre_commit_chars,median,tr,52,149,134,48086.0,16870.0,31216.0,,,38650.5,19939.0,51625.5,3.503864964208263e-10,,
en,zhao_long,none,unethical,en,pre_commit_chars,median,zh,56,149,137,48086.0,16257.0,31829.0,,,26806.0,23241.5,39038.0,1.8818831721203061e-10,,
en,neutral,none,metadata,en,post_commit_chars,median,tr,43,64,62,601.0,5918.5,-5317.5,,,-2206.0,-6177.0,-1377.0,0.0032916997956817795,,
en,neutral,none,metadata,en,post_commit_chars,median,zh,39,64,57,601.0,1554.0,-953.0,,,-693.0,-1697.0,485.0,0.137279347358748,,
en,zhao_long,explicit,metadata,en,post_commit_chars,median,tr,55,69,72,8155.0,5264.0,2891.0,,,1821.0,565.0,4433.0,0.0025588789871360583,,
en,zhao_long,explicit,metadata,en,post_commit_chars,median,zh,56,69,72,8155.0,4503.0,3652.0,,,3370.0,1883.5,5073.0,8.434212495455107e-05,,
en,zhao_long,none,metadata,en,post_commit_chars,median,tr,87,221,216,10207.0,6582.0,3625.0,,,3214.5,1258.0,5296.5,0.00035408037643238,,
en,zhao_long,none,metadata,en,post_commit_chars,median,zh,84,221,206,10207.0,5603.5,4603.5,,,4443.0,2766.775,5912.0,5.750593524912956e-07,,
en,zhao_long,none,sycophancy,en,post_commit_chars,median,tr,25,31,28,12068.0,4923.0,7145.0,,,4913.0,2348.0,10403.0,0.0012963414192199707,,
en,zhao_long,none,sycophancy,en,post_commit_chars,median,zh,24,31,28,12068.0,4516.0,7552.0,,,4629.5,2352.0,8871.5,0.016406655311584473,,
en,zhao_long,none,unethical,en,post_commit_chars,median,tr,52,149,134,13494.0,5550.5,7943.5,,,7132.75,3567.75,9354.5,3.594772048623669e-08,,
en,zhao_long,none,unethical,en,post_commit_chars,median,zh,56,149,137,13494.0,5672.0,7822.0,,,6030.75,4919.0,10536.25,4.025763647144099e-08,,
en,neutral,none,metadata,en,mention_before_commit_regex,mean,tr,48,75,60,0.92,0.95,-0.029999999999999916,-0.11666666666666659,0.046666666666666634,0.020833333333333332,-0.0625,0.10416666666666667,0.6547208460185769,0.6733512943523932,0.5735766562495689
en,neutral,none,metadata,en,mention_before_commit_regex,mean,zh,45,75,59,0.92,1.0,-0.07999999999999996,-0.1466666666666666,-0.026666666666666616,-0.044444444444444446,-0.1111111111111111,0.0,0.15729920705028502,2.690587157118047,1.0924429503202453
en,zhao_long,explicit,metadata,en,mention_before_commit_regex,mean,tr,51,69,68,0.9855072463768116,0.9411764705882353,0.04433077578857636,-0.014279624893435705,0.10372442455242768,0.0392156862745098,-0.0392156862745098,0.11764705882352941,0.31731050786291415,-0.5729414238374284,0.5249614151475651
en,zhao_long,explicit,metadata,en,mention_before_commit_regex,mean,zh,53,69,69,0.9855072463768116,0.927536231884058,0.05797101449275366,0.0,0.13043478260869568,0.05660377358490566,-0.018867924528301886,0.1320754716981132,0.17971249487899976,-0.8014235983034397,0.4767548429824127
en,zhao_long,none,metadata,en,mention_before_commit_regex,mean,tr,87,222,213,0.954954954954955,0.9389671361502347,0.015987818804720222,-0.032534529887956555,0.06216953011168113,0.005747126436781611,-0.05555555555555556,0.06704980842911876,0.8091615315545317,-0.1755665827598449,0.292921595321646
en,zhao_long,none,metadata,en,mention_before_commit_regex,mean,zh,83,222,195,0.954954954954955,0.9487179487179487,0.006237006237006293,-0.03718033809847978,0.049539390068899014,0.014056224899598397,-0.038152610441767064,0.06626506024096386,0.45878846116908534,-0.028630272738315785,0.3427442936599389
en,zhao_long,none,sycophancy,en,mention_before_commit_regex,mean,tr,23,28,27,1.0,0.9629629629629629,0.03703703703703709,0.0,0.11111111111111116,0.0,0.0,0.0,,0.1852844815209806,0.9382270668781917
en,zhao_long,none,sycophancy,en,mention_before_commit_regex,mean,zh,21,28,28,1.0,0.9285714285714286,0.0714285714285714,0.0,0.1785714285714286,0.0,0.0,0.0,,-0.4438958712514657,0.7452092276772437
en,zhao_long,none,unethical,en,mention_before_commit_regex,mean,tr,51,149,130,0.9865771812080537,0.9461538461538461,0.04042333505420759,-6.451612903224013e-06,0.07991468363770517,0.026143790849673207,-0.006535947712418299,0.062091503267973865,0.11440386714766104,-0.8571621009455477,0.39831810975281856
en,zhao_long,none,unethical,en,mention_before_commit_regex,mean,zh,56,149,132,0.9865771812080537,0.9393939393939394,0.04718324181411426,-0.005504808075358747,0.11204162157287148,0.02976190476190476,-0.014880952380952382,0.08630952380952382,0.24625169969252703,-0.9468649964210808,0.40135280738510165
en,neutral,none,metadata,en,mention_before_last_commit,mean,tr,48,75,60,1.0,0.9833333333333333,0.01666666666666672,0.0,0.050000000000000044,0.020833333333333332,0.0,0.0625,0.31731050786291415,0.20484199543667833,0.9201970415272831
en,neutral,none,metadata,en,mention_before_last_commit,mean,zh,45,75,59,1.0,1.0,0.0,0.0,0.0,0.0,0.0,0.0,,,
en,zhao_long,explicit,metadata,en,mention_before_last_commit,mean,tr,51,69,68,1.0,0.9705882352941176,0.02941176470588236,0.0,0.07352941176470584,0.0392156862745098,0.0,0.09803921568627451,0.15729920705028502,-0.3130063113929326,0.7127204727347644
en,zhao_long,explicit,metadata,en,mention_before_last_commit,mean,zh,53,69,69,1.0,1.0,0.0,0.0,0.0,0.0,0.0,0.0,,,
en,zhao_long,none,metadata,en,mention_before_last_commit,mean,tr,87,222,213,1.0,1.0,0.0,0.0,0.0,0.0,0.0,0.0,,,
en,zhao_long,none,metadata,en,mention_before_last_commit,mean,zh,83,222,195,1.0,1.0,0.0,0.0,0.0,0.0,0.0,0.0,,,
en,zhao_long,none,sycophancy,en,mention_before_last_commit,mean,tr,23,28,27,1.0,1.0,0.0,0.0,0.0,0.0,0.0,0.0,,,
en,zhao_long,none,sycophancy,en,mention_before_last_commit,mean,zh,21,28,28,1.0,1.0,0.0,0.0,0.0,0.0,0.0,0.0,,,
en,zhao_long,none,unethical,en,mention_before_last_commit,mean,tr,51,149,130,1.0,1.0,0.0,0.0,0.0,0.0,0.0,0.0,,,
en,zhao_long,none,unethical,en,mention_before_last_commit,mean,zh,56,149,132,1.0,0.9924242424242424,0.007575757575757569,0.0,0.023442113681102335,0.0,0.0,0.0,,0.3965363879031741,0.9131282868488191
en,neutral,none,metadata,en,first_mention_deriv_frac,median,tr,48,75,60,0.7575757575757576,0.654532476802284,0.10304328077347358,,,0.006894025613856103,-0.045533413954466584,0.1132075471698113,0.77509389881524,,
en,neutral,none,metadata,en,first_mention_deriv_frac,median,zh,45,75,59,0.7575757575757576,0.9852941176470589,-0.2277183600713013,,,-0.04849290780141846,-0.2569327731092437,0.0,0.5363778152962138,,
en,zhao_long,explicit,metadata,en,first_mention_deriv_frac,median,tr,51,69,68,0.3718048024786987,0.548637825565996,-0.17683302308729737,,,-0.06836324257425744,-0.2739069497696298,0.0007762394380534943,0.07043871466894389,,
en,zhao_long,explicit,metadata,en,first_mention_deriv_frac,median,zh,53,69,69,0.3718048024786987,0.9776119402985075,-0.6058071378198089,,,-0.16472053937854214,-0.35620876298842397,-0.0247523412548043,8.016487754093616e-05,,
en,zhao_long,none,metadata,en,first_mention_deriv_frac,median,tr,87,222,213,0.4173518039463907,0.5811965811965812,-0.16384477725019053,,,-0.07519920475324238,-0.15795233116013285,0.0053865924416214295,0.02060652512019829,,
en,zhao_long,none,metadata,en,first_mention_deriv_frac,median,zh,83,222,195,0.4173518039463907,0.8531468531468531,-0.4357950492004624,,,-0.2213465949076625,-0.32169358358795286,-0.09589674083219268,1.4239517033657946e-06,,
en,zhao_long,none,sycophancy,en,first_mention_deriv_frac,median,tr,23,28,27,0.17940537394078623,0.26198439241917504,-0.0825790184783888,,,-0.011496646981466518,-0.0872990940970193,0.13987679104444903,0.8229274749755859,,
en,zhao_long,none,sycophancy,en,first_mention_deriv_frac,median,zh,21,28,28,0.17940537394078623,0.2239363403055075,-0.04453096636472126,,,0.01555716843933145,-0.06957930941789009,0.1394126703013045,0.6332969665527344,,
en,zhao_long,none,unethical,en,first_mention_deriv_frac,median,tr,51,149,130,0.11518771331058021,0.3333333333333333,-0.21814562002275312,,,-0.09327869236956687,-0.2364413364413364,-0.028536696754781862,0.0007148445059986746,,
en,zhao_long,none,unethical,en,first_mention_deriv_frac,median,zh,56,149,132,0.11518771331058021,0.34434046345811054,-0.22915275014753034,,,-0.2062984796658567,-0.29635772044282993,-0.130717478580627,0.0001304155216093122,,
en,neutral,none,metadata,en,first_mention_deriv_frac_chars,median,tr,48,75,60,0.7934047109207709,0.6771193733100254,0.11628533761074555,,,0.017327985021706294,-0.008888433368352544,0.11491815791705551,0.4915533448673487,,
en,neutral,none,metadata,en,first_mention_deriv_frac_chars,median,zh,45,75,59,0.7934047109207709,0.9851219176195068,-0.19171720669873593,,,-0.006534104263620555,-0.2085051546391754,0.004493901134175138,0.6284662776001433,,
en,zhao_long,explicit,metadata,en,first_mention_deriv_frac_chars,median,tr,51,69,68,0.3875240662302657,0.5830520859413483,-0.19552801971108258,,,-0.06376986269219789,-0.2562070372975151,0.00014518655240702838,0.05955593486535172,,
en,zhao_long,explicit,metadata,en,first_mention_deriv_frac_chars,median,zh,53,69,69,0.3875240662302657,0.9758934592043156,-0.5883693929740499,,,-0.10717582856600588,-0.3711722741520001,-0.010631229235880446,0.0002695703451648449,,
en,zhao_long,none,metadata,en,first_mention_deriv_frac_chars,median,tr,87,222,213,0.44134382227336566,0.6012484394506866,-0.15990461717732096,,,-0.06545616573777413,-0.19581962584807605,-0.001775525512388576,0.03579352752728614,,
en,zhao_long,none,metadata,en,first_mention_deriv_frac_chars,median,zh,83,222,195,0.44134382227336566,0.8635118164173992,-0.4221679941440335,,,-0.22579594741865938,-0.3282310637586645,-0.11065926331430354,2.090836255913778e-06,,
en,zhao_long,none,sycophancy,en,first_mention_deriv_frac_chars,median,tr,23,28,27,0.20486665805237958,0.2607230635059066,-0.05585640545352705,,,0.005560157798440765,-0.08992240918319197,0.17667287037341237,0.5803380012512207,,
en,zhao_long,none,sycophancy,en,first_mention_deriv_frac_chars,median,zh,21,28,28,0.20486665805237958,0.24505221901581065,-0.040185560963431066,,,0.0336819107007251,-0.043330971280820585,0.17167474012845874,0.539189338684082,,
en,zhao_long,none,unethical,en,first_mention_deriv_frac_chars,median,tr,51,149,130,0.12519396867222954,0.3324126883651231,-0.20721871969289357,,,-0.09361587981802555,-0.24520106885254495,-0.016979705305501417,0.0012213526426821171,,
en,zhao_long,none,unethical,en,first_mention_deriv_frac_chars,median,zh,56,149,132,0.12519396867222954,0.3672691715339075,-0.24207520286167794,,,-0.19235769249866796,-0.30774618869995896,-0.12276868160430648,0.00018104027740420642,,
en,neutral,none,metadata,en,commit_frac_regex,median,tr,52,77,62,0.3691077441077441,0.5717580790435868,-0.20265033493584267,,,-0.16100276041174338,-0.26106330370845515,-0.024670453260011382,0.0003571020545220848,,
en,neutral,none,metadata,en,commit_frac_regex,median,zh,49,77,61,0.3691077441077441,0.38419255434329974,-0.015084810235555635,,,0.008092946072729479,-0.10630743489399708,0.050054284490056,0.5341490024178306,,
en,zhao_long,explicit,metadata,en,commit_frac_regex,median,tr,54,69,71,0.65153939077345,0.5732813037989212,0.07825808697452885,,,0.030141826321141263,-0.07161250705812908,0.17263169137297155,0.3821524946038125,,
en,zhao_long,explicit,metadata,en,commit_frac_regex,median,zh,56,69,72,0.65153939077345,0.4534804727687901,0.1980589180046599,,,0.16556336542009764,0.022946538145589668,0.2599935382799448,0.00048079830772239834,,
en,zhao_long,none,metadata,en,commit_frac_regex,median,tr,87,223,215,0.4840119233114288,0.49498545969726343,-0.010973536385834648,,,-0.03172295620353027,-0.09241177688546515,0.06669107767303262,0.6476005559070149,,
en,zhao_long,none,metadata,en,commit_frac_regex,median,zh,85,223,206,0.4840119233114288,0.3432284791880781,0.1407834441233507,,,0.06399619386228883,-0.01604161076869104,0.2001992519740634,0.002341277742801544,,
en,zhao_long,none,sycophancy,en,commit_frac_regex,median,tr,25,31,27,0.7636617158613774,0.8328213759730696,-0.06915966011169217,,,-0.06059191820266663,-0.1288774889540827,0.08581219717788058,0.5249125957489014,,
en,zhao_long,none,sycophancy,en,commit_frac_regex,median,zh,24,31,28,0.7636617158613774,0.8099550591065616,-0.04629334324518419,,,0.03213761289103739,-0.057219478031732086,0.12458160276182151,0.5645889043807983,,
en,zhao_long,none,unethical,en,commit_frac_regex,median,tr,51,149,130,0.6795867225371786,0.6499284577083275,0.029658264828851033,,,0.06439973126346943,-0.06357340886925955,0.12650590086516378,0.38335437026363817,,
en,zhao_long,none,unethical,en,commit_frac_regex,median,zh,56,149,134,0.6795867225371786,0.5738291418406694,0.1057575806965092,,,0.14125700877300967,0.02186988113265345,0.2383759157049174,0.0005596596342420726,,
en,neutral,none,metadata,en,pre_commit_chars_regex,median,tr,52,77,62,10809.0,13065.5,-2256.5,,,-3728.0,-7167.5,947.0,0.14259010724309223,,
en,neutral,none,metadata,en,pre_commit_chars_regex,median,zh,49,77,61,10809.0,7970.0,2839.0,,,3234.0,548.0,4336.0,0.17132508427659587,,
en,zhao_long,explicit,metadata,en,pre_commit_chars_regex,median,tr,54,69,71,28743.0,12917.0,15826.0,,,16562.0,11778.0,24882.0,3.978518734431211e-09,,
en,zhao_long,explicit,metadata,en,pre_commit_chars_regex,median,zh,56,69,72,28743.0,9689.5,19053.5,,,15861.0,14070.5,26596.5,7.968377335678e-11,,
en,zhao_long,none,metadata,en,pre_commit_chars_regex,median,tr,87,223,215,32580.0,12356.0,20224.0,,,19650.0,13809.0,24670.0,3.231733796218245e-14,,
en,zhao_long,none,metadata,en,pre_commit_chars_regex,median,zh,85,223,206,32580.0,9163.5,23416.5,,,20579.0,16552.5,24648.0,1.9760375519006623e-13,,
en,zhao_long,none,sycophancy,en,pre_commit_chars_regex,median,tr,25,31,27,72832.0,20499.0,52333.0,,,48206.0,33044.0,69858.0,5.960464477539063e-08,,
en,zhao_long,none,sycophancy,en,pre_commit_chars_regex,median,zh,24,31,28,72832.0,25924.0,46908.0,,,31602.5,20625.262500000004,48592.0,0.00010764598846435547,,
en,zhao_long,none,unethical,en,pre_commit_chars_regex,median,tr,51,149,130,40722.0,14333.0,26389.0,,,21978.5,15479.0,34317.0,6.927239855967196e-10,,
en,zhao_long,none,unethical,en,pre_commit_chars_regex,median,zh,56,149,134,40722.0,11437.5,29284.5,,,23496.25,19091.75,29819.25,7.968377335678e-11,,
en,neutral,none,metadata,en,post_commit_chars_regex,median,tr,52,77,62,22946.0,10379.0,12567.0,,,7730.0,3449.0,11666.5,1.996181269313031e-06,,
en,neutral,none,metadata,en,post_commit_chars_regex,median,zh,49,77,61,22946.0,13588.0,9358.0,,,5650.0,726.0,9502.0,0.013089577708093714,,
en,zhao_long,explicit,metadata,en,post_commit_chars_regex,median,tr,54,69,71,19018.0,11154.0,7864.0,,,7551.0,2139.0,15207.0,0.00023244114527972998,,
en,zhao_long,explicit,metadata,en,post_commit_chars_regex,median,zh,56,69,72,19018.0,11368.0,7650.0,,,7271.0,221.0,10291.0,0.009487949749688787,,
en,zhao_long,none,metadata,en,post_commit_chars_regex,median,tr,87,223,215,34061.0,13564.0,20497.0,,,18574.0,15147.5,23469.5,2.0855295279401175e-13,,
en,zhao_long,none,metadata,en,post_commit_chars_regex,median,zh,85,223,206,34061.0,17495.0,16566.0,,,14654.0,10257.0,19541.5,5.1659929329198106e-11,,
en,zhao_long,none,sycophancy,en,post_commit_chars_regex,median,tr,25,31,27,23041.0,5430.0,17611.0,,,13877.0,9213.0,24560.0,0.0001398921012878418,,
en,zhao_long,none,sycophancy,en,post_commit_chars_regex,median,zh,24,31,28,23041.0,6868.0,16173.0,,,10084.5,4674.0,22907.0,0.0013997554779052734,,
en,zhao_long,none,unethical,en,post_commit_chars_regex,median,tr,51,149,130,17862.0,8704.0,9158.0,,,9897.0,2760.0,13327.5,1.3657985654881163e-05,,
en,zhao_long,none,unethical,en,post_commit_chars_regex,median,zh,56,149,134,17862.0,9903.5,7958.5,,,7718.25,2719.25,10613.631249999993,0.00048079830772239834,,
