cell,n_follow,mention_rate,n_mention,first_mention_frac_median,first_mention_index_median,first_mention_deriv_frac_median,first_mention_deriv_frac_chars_median,before_first_settlement_regex,n_before_regex,before_last_settlement,before_judge_commitment,n_before_judge,regex_boundary_frac_median
en metadata,225,0.9955555555555555,224.0,0.17163472278833464,180.5,0.4173518039463907,0.44134382227336566,0.954954954954955,222,1.0,0.9818181818181818,220,0.4840119233114288
en metadata/instr,69,1.0,69.0,0.1993366089007928,168.0,0.3718048024786987,0.3875240662302657,0.9855072463768116,69,1.0,0.9855072463768116,69,0.65153939077345
en sycophancy,31,0.9032258064516129,28.0,0.13726177487318109,213.5,0.1794053739407862,0.20486665805237955,1.0,28,1.0,1.0,28,0.7636617158613774
en unethical,149,1.0,149.0,0.0790959817669447,61.0,0.1151877133105802,0.1251939686722295,0.9865771812080537,149,1.0,1.0,149,0.6795867225371786
en/neutral metadata,83,0.963855421686747,80.0,0.21431353854235213,116.0,0.7575757575757576,0.7934047109207709,0.92,75,1.0,0.9180327868852459,61,0.3691077441077441
tr metadata,218,0.9862385321100917,215.0,0.2187590187590187,104.0,0.5811965811965812,0.6012484394506866,0.9389671361502347,213,1.0,0.9626168224299065,214,0.4949854596972634
tr metadata/instr,72,0.9583333333333334,69.0,0.2706313219393094,96.0,0.548637825565996,0.5830520859413483,0.9411764705882353,68,0.9705882352941176,0.9420289855072463,69,0.5732813037989212
tr sycophancy,28,1.0,28.0,0.16966131371509496,104.5,0.261984392419175,0.2607230635059066,0.9629629629629629,27,1.0,0.9285714285714286,28,0.8328213759730696
tr unethical,134,1.0,134.0,0.18231094720516133,68.5,0.3333333333333333,0.33241268836512305,0.9461538461538461,130,1.0,0.9626865671641791,134,0.6499284577083275
tr/neutral metadata,62,0.967741935483871,60.0,0.32410666375718133,146.5,0.654532476802284,0.6771193733100254,0.95,60,0.9833333333333333,0.9,60,0.5717580790435868
zh metadata,212,0.9339622641509434,198.0,0.1997685808463068,148.0,0.8531468531468531,0.8635118164173992,0.9487179487179487,195,1.0,0.9692307692307692,195,0.3432284791880781
zh metadata/instr,72,0.9583333333333334,69.0,0.2518773135906927,139.0,0.9776119402985076,0.9758934592043156,0.927536231884058,69,1.0,0.9420289855072463,69,0.45348047276879005
zh sycophancy,29,1.0,29.0,0.1318997240110395,144.0,0.22393634030550746,0.2450522190158106,0.9285714285714286,28,1.0,0.8928571428571429,28,0.8099550591065616
zh unethical,137,0.9854014598540146,135.0,0.1589724297307465,111.0,0.3443404634581105,0.3672691715339075,0.9393939393939394,132,0.9924242424242424,0.9629629629629629,135,0.5738291418406694
zh/neutral metadata,66,0.9393939393939394,62.0,0.17330668377895703,134.5,0.9852941176470588,0.9851219176195068,1.0,59,1.0,1.0,55,0.3841925543432997
