cell_key,n_answered,trunc_rate,chars_median,tokens_median,n_sent_median,prose_compliance_mean,switch_rate,switch_prose_rate,switch_nt_rate,switch_frac_median,switch_prose_frac_median,switch_nt_frac_median,commit_rate,commit_any_rate,commit_any_matches_final,commit_frac_median,commit_last_frac_median,n_commit_median,commit_span_frac_median,pre_commit_chars_median,post_commit_chars_median,pre_commit_chars_last_median,post_commit_chars_last_median,recheck_span_chars_median,pre_commit_sent_median,post_commit_sent_median,recheck_span_sent_median,pre_commit_tokens_est_median,post_commit_tokens_est_median,commit_lang_en_share,switch_after_commit_rate,n_switch_and_commit,switch_after_last_commit_rate,switch_nt_after_commit_rate,n_switch_nt_and_commit,switch_prose_after_commit_rate,n_switch_prose_and_commit,tail_en_rate,tail_en_5_rate,tail_en_20_rate,tail_en_run_median,pre_switch_compliance_mean,post_switch_compliance_mean,pre_switch_nt_compliance_mean,post_switch_nt_compliance_mean,pre_commit_compliance_mean,post_commit_compliance_mean,pre_commit_en_share_mean,post_commit_en_share_mean,verification_pre_per_1k,verification_post_per_1k,verification_per_1k,backtracking_pre_per_1k,backtracking_post_per_1k,backtracking_per_1k,hedging_pre_per_1k,hedging_post_per_1k,hedging_per_1k
qen_ten_pneutral_cmetadata_clen,100,0.0,38913.5,13227.0,710.5,0.9998212116083032,0.0,0.0,0.0,,,,0.95,0.97,0.7319587628865979,0.34355052771282313,0.9978915940779957,8.0,0.5916485649581735,10012.0,24025.0,33726.0,53.0,22294.0,180.0,435.0,418.0,4060.9477031638075,8077.450896486798,1.0,,0,,,0,,0,,,,,0.9998212116083032,,0.9998212116083032,,1.0,0.9997536710331129,0.9425882052093758,0.9578971423411686,0.3316154724605429,0.30288839028800024,0.3019350200690936,4.141167169336184,4.20781871430868,4.023936471167735,2.1602588503996953,2.8229197974841624,2.4993509994608303
qen_ten_pneutral_cnone_clen,100,0.0,22188.5,7042.5,319.5,0.9999045297119942,0.0,0.0,0.0,,,,0.94,0.94,0.9574468085106383,0.7995646580118421,0.9979283753008505,4.0,0.18665509682887377,10938.5,3642.5,19999.5,27.0,3353.5,190.5,73.0,60.0,3957.9876779208676,1525.1801500812674,1.0,,0,,,0,,0,,,,,0.9999045297119942,,0.9999045297119942,,0.999874843554443,0.9999134723544173,0.9315074583169229,0.9424811453163134,0.37135535351379184,0.7690300061163785,0.3990526141405168,4.193289636269809,3.6080656504579314,3.6417192031327086,1.9701089199005757,2.0002749381887153,1.851808025108274
qen_ten_pzhao_long_cmetadata_clen,296,0.010135135135135136,73914.5,26741.5,1495.5,0.9999552702654082,0.0,0.0,0.0,,,,0.9898648648648649,0.9898648648648649,0.6655290102389079,0.4042016806722689,0.9980701334450363,9.0,0.5767426858932148,26088.0,36014.0,68506.0,139.0,35119.0,499.0,763.0,748.0,9387.301127301236,13783.264266230224,1.0,,0,,,0,,0,,,,,0.9999552702654082,,0.9999552702654082,,0.9999313877771893,0.9999724977068509,0.9216181437360954,0.9335887585431595,0.6279957728040901,0.5583057997766108,0.5255043790542984,2.262229386010781,1.994653839537279,1.878686274778867,1.6123610891255507,2.603950287294685,1.9180666245689375
qen_ten_pzhao_long_cmetadata_clen_iexplicit,98,0.01020408163265306,50763.5,17516.0,993.5,0.99990228131913,0.0,0.0,0.0,,,,1.0,1.0,0.7142857142857143,0.5324608656059976,0.9924247807595329,6.0,0.43860810848080645,24316.0,23632.0,43892.5,413.0,22265.0,493.5,483.5,466.5,9981.656408481525,8773.67002875805,1.0,,0,,,0,,0,,,,,0.99990228131913,,0.99990228131913,,0.9999254337872079,0.9999390838206628,0.9228980787984645,0.9345878664682701,0.6379162753239653,0.5813994766615836,0.5457028177552741,2.1115902571134657,2.1236463923649707,1.8898619863152488,1.458993168877935,2.4297291561976633,1.7093946404010312
qen_ten_pzhao_long_cnone_clen,292,0.0,60557.5,22028.0,1170.5,0.9999151290747371,0.0,0.0,0.0,,,,0.9691780821917808,0.9794520547945206,0.8006993006993007,0.6483675537084135,0.9991887350060845,5.0,0.2997041060354262,32140.0,16667.0,55587.0,32.0,15878.0,683.0,387.0,344.0,13027.469238382397,6766.807291391079,1.0,,0,,,0,,0,,,,,0.9999151290747371,,0.9999151290747371,,0.9998709092531761,0.9999776102198717,0.9271576172656824,0.937368257128853,0.6519458007650845,0.6366889837004529,0.568103803800818,2.131391429896703,1.7973968746763527,1.789061080649491,1.3982464461417667,1.6811199817804243,1.2997907388184298
qen_ten_pzhao_long_cnone_clen_iexplicit,99,0.0,53396.0,17805.0,962.0,0.9998377996727841,0.0,0.0,0.0,,,,0.9595959595959596,0.9696969696969697,0.8854166666666666,0.6959496778152807,0.9992501422144077,5.0,0.27621276046944376,30201.0,13973.0,43424.0,35.0,11973.0,581.0,334.0,283.0,10946.841005398503,5819.429649638516,1.0,,0,,,0,,0,,,,,0.9998377996727841,,0.9998377996727841,,0.9998962171006821,0.9999729334704704,0.9167359534760615,0.940737437425268,0.6634683940063906,0.586510638243557,0.5453335909312832,2.1714557763055145,1.608915472265514,1.767337658567876,1.3010312975743539,1.544456740532544,1.1436460705685143
qen_ten_pzhao_long_csycophancy_clen,99,0.010101010101010102,84692.0,29575.0,1731.0,0.9999726380424985,0.0,0.0,0.0,,,,0.98989898989899,1.0,0.6161616161616161,0.5009331784715093,0.9975571972740456,10.0,0.48145892191792516,35698.5,34552.5,78515.0,196.0,34385.0,722.5,748.0,732.5,13362.995918637804,12540.520044098084,1.0,,0,,,0,,0,,,,,0.9999726380424985,,0.9999726380424985,,0.9998467924959128,1.0,0.9202813161870074,0.9371737888616414,0.5647019809645826,0.5260435221166222,0.480363061500999,2.2248306686859727,1.704249978502373,1.7373345940711533,1.8642187337900178,2.690001487772286,1.9627737996815011
qen_ten_pzhao_long_cunethical_clen,291,0.003436426116838488,63010.0,20837.0,1169.0,0.9999642799969225,0.0,0.0,0.0,,,,1.0,1.0,0.6563573883161512,0.5003769317753487,0.9987697487697488,11.0,0.4874199566379267,26387.0,25684.0,59771.0,75.0,25466.0,489.0,546.0,521.0,9383.650084290213,9273.678176243167,1.0,,0,,,0,,0,,,,,0.9999642799969225,,0.9999642799969225,,0.9999400876134868,0.9999896648838591,0.9327179809743058,0.9496516212095242,0.5625020153735195,0.5334386744645729,0.49939401346014034,2.168291550092121,1.8172263277693737,1.8237003398506402,1.6157036702931038,2.1078172752186632,1.678430926875289
qen_ttr_pneutral_cmetadata_clen,93,0.0,28134.0,12121.0,525.0,0.9181015481071353,0.0,0.08602150537634409,0.1827956989247312,,0.8374410748322274,0.8431571578578929,1.0,1.0,0.6344086021505376,0.562947539485044,0.9991499008217626,7.0,0.43178884873515744,11694.0,10848.0,26463.0,20.0,10674.0,214.0,226.0,225.0,4986.663031996456,5225.374409273294,0.03225806451612903,,0,,0.8823529411764706,17,1.0,8,0.1935483870967742,0.1827956989247312,0.08602150537634409,14.5,0.9181015481071353,,0.9554955985599889,0.08766022333220862,0.9585909834603924,0.8869395826131031,0.04136844035782627,0.11301968750745732,0.14478897581334632,0.13574925877819496,0.13254585360256,0.8848215188593387,1.1870347117025117,0.9782973413843743,1.4532523127932169,2.2259793229197196,1.7368953911809437
qen_ttr_pneutral_cnone_clen,97,0.0,20776.0,8978.0,353.0,0.9032682155365817,0.020618556701030927,0.07216494845360824,0.1958762886597938,0.8835454801941324,0.8166522645249835,0.7693837535014005,0.9896907216494846,0.9896907216494846,0.8854166666666666,0.6375839834638926,0.99908427756588,5.0,0.3444151098474012,10908.0,6041.5,19503.0,16.0,5966.0,178.5,118.0,117.0,5060.2724342378515,2897.8935513579154,0.020833333333333332,1.0,2,0.5,1.0,19,1.0,7,0.23711340206185566,0.16494845360824742,0.07216494845360824,9.0,0.905430114123844,0.0,0.9499663354414608,0.1092714734036043,0.9593679577568152,0.8524235535365882,0.040607704236954305,0.14757644646341186,0.15424247209015363,0.22792304796933588,0.16966213622120443,0.6783744744059838,0.8504785732798648,0.6952649396693688,1.0277958092832038,0.970300975640887,0.9563172472056034
qen_ttr_pzhao_long_cmetadata_clen,287,0.003484320557491289,29495.0,12153.0,522.0,0.8713444332306874,0.017421602787456445,0.11846689895470383,0.24738675958188153,0.9531080063582364,0.8573776648846287,0.7902862052300919,0.9860627177700348,0.9930313588850174,0.6385964912280702,0.44238943655602786,0.9987003610108304,7.0,0.5316442868001013,10943.0,14418.0,27400.0,32.0,13335.0,202.0,271.0,255.0,4888.422789063693,6311.785533287261,0.0636042402826855,1.0,5,0.4,0.8732394366197183,71,0.9411764705882353,34,0.2926829268292683,0.2229965156794425,0.11846689895470383,14.0,0.8718883937287676,0.0,0.9366382426447755,0.08322914806057358,0.9438412781366765,0.834628343649914,0.056124841933793676,0.165361341222952,0.14691446416734966,0.21620884709561225,0.17148763506559103,0.8743137460664515,1.2433606310316143,1.0017799609775688,1.5661135013861234,2.1525028570454796,1.753687283957468
qen_ttr_pzhao_long_cmetadata_clen_iexplicit,99,0.0,26272.0,11209.0,500.0,0.9403847417339333,0.030303030303030304,0.030303030303030304,0.0707070707070707,0.9572547875086994,0.9247244235906876,0.9247244235906876,0.98989898989899,0.98989898989899,0.6530612244897959,0.5010561386139287,0.9978843253288834,6.0,0.46947872975790045,11155.5,11872.0,24302.5,42.0,11307.5,203.5,243.5,236.5,5248.383217226035,5315.549435067114,0.01020408163265306,1.0,3,0.3333333333333333,1.0,7,1.0,3,0.13131313131313133,0.09090909090909091,0.030303030303030304,7.0,0.9416782619227088,0.0,0.9449569167012531,0.06311313999283923,0.9725429294707976,0.924254751305016,0.02745707052920241,0.07570401158158194,0.1139211665527455,0.16473772241693774,0.13162019676022868,0.6631232082921007,1.2313304252082335,0.9081793576455779,1.2735366231045728,1.989460147759651,1.5551125671761565
qen_ttr_pzhao_long_cnone_clen,292,0.0,24375.0,10865.0,442.5,0.8762251322421833,0.0136986301369863,0.07876712328767123,0.2328767123287671,0.9619330596363134,0.8891886683368665,0.7190883145702676,0.9897260273972602,0.9897260273972602,0.9446366782006921,0.6334087505178293,0.9992952162805039,6.0,0.35777550293751115,13116.0,7384.0,22705.0,14.0,6927.0,223.0,155.0,150.0,6175.035347472322,3510.6027627260933,0.04498269896193772,1.0,4,0.25,0.835820895522388,67,1.0,23,0.273972602739726,0.17123287671232876,0.07876712328767123,10.0,0.8765895275857587,0.0,0.9350826759681578,0.10036730074009746,0.9502206950619688,0.8203762208445428,0.0497793049380311,0.17959331735455558,0.1439712985987133,0.2630440280435716,0.1697931380262816,0.7607875128214893,0.8650370762656283,0.7221350150242932,1.1297776020164942,0.9916619940206455,0.971225890459888
qen_ttr_pzhao_long_cnone_clen_iexplicit,99,0.0,16500.0,7712.0,304.0,0.9687707296806966,0.0,0.0,0.010101010101010102,,,0.9672640088525497,0.98989898989899,0.98989898989899,0.9387755102040817,0.7551472205164329,0.9988580606547273,4.0,0.22597387406460046,10394.0,3387.0,15862.0,18.0,3113.5,190.5,74.0,65.5,4983.349580044165,1788.7632687653775,0.01020408163265306,,0,,1.0,1,,0,0.06060606060606061,0.010101010101010102,0.0,2.5,0.9687707296806966,,0.9691800062732774,0.0,0.9785802103272131,0.9512981383167195,0.021419789672786942,0.04870186168328051,0.13358760006874507,0.1848620523294873,0.13874093399758877,0.6146530587432709,0.4892081140914481,0.5517742892317898,1.0304257016538596,0.8386424812996253,0.9302553045815339
qen_ttr_pzhao_long_csycophancy_clen,99,0.010101010101010102,27295.0,12020.0,491.0,0.890651809031501,0.020202020202020204,0.1111111111111111,0.20202020202020202,0.9059666322831424,0.868666940676805,0.8380632353256793,0.9797979797979798,0.98989898989899,0.8061224489795918,0.4946674624386953,0.9984881297756711,8.0,0.46601918579678325,12348.0,9923.0,25669.0,28.0,9479.0,216.0,202.0,200.0,5630.109042083319,4619.802965971325,0.041237113402061855,0.5,2,0.0,0.8,20,0.9090909090909091,11,0.2222222222222222,0.1717171717171717,0.1111111111111111,20.0,0.8918597237108942,0.0,0.9408401552689,0.06138556417922101,0.9365440804550822,0.8622761470403937,0.0634042016655231,0.13772207457796917,0.14336229295492703,0.14698934327261273,0.12983487721092943,0.8305806238627195,2.9957828057465834,1.6833242801184456,1.462558438219072,1.881463593889443,1.4976302115493256
qen_ttr_pzhao_long_cunethical_clen,279,0.0035842293906810036,24698.0,10107.0,425.0,0.8840968054114413,0.017921146953405017,0.0931899641577061,0.17921146953405018,0.9508970441412278,0.882449102210539,0.7722564151232605,0.985663082437276,0.989247311827957,0.7427536231884058,0.43611449652491846,0.9991144564976755,10.0,0.5512889079045887,10474.0,11668.0,23528.0,18.0,11544.0,187.0,221.0,219.0,4473.265490958956,5334.0048565121415,0.025454545454545455,1.0,5,0.2,0.92,50,1.0,26,0.20430107526881722,0.17921146953405018,0.0931899641577061,16.0,0.8846848736140379,0.0,0.9252797202168658,0.05997172234063545,0.9270950233475643,0.8597069009071033,0.07290497665243564,0.14029309909289672,0.14360424745607095,0.1892024447789966,0.15719567020655614,0.8247151560730178,1.1572576719492025,0.9354934510338048,1.3798118957375491,1.6828783333810058,1.4412589990680909
qen_tzh_pneutral_cmetadata_clen,90,0.0,22507.5,14284.5,654.5,0.8225551388744321,0.03333333333333333,0.1111111111111111,0.36666666666666664,0.9791646463946804,0.9446512487707981,0.7599483596597812,0.9555555555555556,0.9888888888888889,0.6179775280898876,0.3741798331494052,0.9984567754227197,7.0,0.6100798788908058,5954.5,11831.0,20869.0,22.0,11019.5,182.5,362.5,348.5,3642.9568742471383,8032.681912591253,0.12790697674418605,1.0,3,0.0,0.84375,32,1.0,10,0.36666666666666664,0.2777777777777778,0.1111111111111111,9.0,0.8228978939725624,0.0,0.8873953287867908,0.1145321364408218,0.934908398082256,0.762971606775848,0.065091601917744,0.2368753786156856,0.6270377400329116,0.5505381431701182,0.4977692255011517,1.5946492779517192,1.8126861605406976,1.4886306502235787,2.1781869378808247,3.7008746950018687,2.7327196406707523
qen_tzh_pneutral_cnone_clen,100,0.0,16481.5,9923.5,436.5,0.8430821039175633,0.04,0.15,0.33,0.904177998005719,0.8984003877847795,0.8149027154158649,0.94,0.95,0.9157894736842105,0.7962434240591186,0.9976668210687473,3.0,0.19022324956707687,8416.0,2427.0,14799.0,16.0,2143.0,292.0,87.0,77.0,6288.763978484827,1812.7434828181433,0.1595744680851064,1.0,3,0.0,0.8387096774193549,31,1.0,14,0.31,0.24,0.15,16.0,0.845038835513188,0.0,0.8840740661393202,0.08415624342346222,0.9037011912237066,0.7492476921713064,0.09596390419778875,0.25056150941069827,0.6426448167428974,0.8481738375678577,0.5808842677117548,1.9386007542410224,1.9064876923428329,1.589428841497365,2.1092616184383064,1.9871936409803488,1.747328651729848
qen_tzh_pzhao_long_cmetadata_clen,295,0.003389830508474576,33124.0,17922.0,864.0,0.7499288583511482,0.0576271186440678,0.288135593220339,0.6474576271186441,0.9474746923517695,0.8990519890913813,0.7899115964638586,0.9830508474576272,1.0,0.6847457627118644,0.2972432349831096,0.9979332925898379,9.0,0.6736867838092866,8059.0,19054.0,28536.5,43.5,18175.5,230.0,549.5,524.0,4717.621505223824,11026.633738085962,0.1793103448275862,1.0,17,0.0,0.898936170212766,188,0.9761904761904762,84,0.6711864406779661,0.5389830508474577,0.288135593220339,15.0,0.7519794518816343,0.0,0.8425431871793053,0.07823317030131918,0.8972047858887716,0.6698442829604307,0.10240584500123255,0.32982491999939234,0.632913721348695,0.5537212083133087,0.4906561993344142,1.298419345291758,1.621612110060404,1.2657507750945758,1.6227613436905493,2.952157357558448,2.0348093039131445
qen_tzh_pzhao_long_cmetadata_clen_iexplicit,100,0.0,25546.0,13481.5,640.0,0.8384590339110871,0.03,0.18,0.37,0.9309993352537115,0.8195557954853325,0.7955150976909414,1.0,1.0,0.72,0.4454720088092442,0.9968815019868017,9.0,0.5463047652086661,8443.5,12155.0,21389.5,62.0,11565.5,251.5,344.0,335.5,5610.109964815617,7412.593431639649,0.12,1.0,3,0.3333333333333333,0.8378378378378378,37,1.0,18,0.51,0.36,0.18,13.0,0.839224479446724,0.0,0.8903293202730103,0.08953534304016363,0.9312265934073075,0.7558179893176786,0.06844559097922369,0.24372056590745178,0.6477195374402883,0.5752418647906966,0.52137972993125,1.0385503077167586,1.611287557610015,1.1718028024346425,1.8861832826386176,3.277505372865826,2.2993515479065043
qen_tzh_pzhao_long_cnone_clen,296,0.010135135135135136,23997.5,13720.0,602.0,0.7538502692006639,0.04054054054054054,0.22297297297297297,0.581081081081081,0.9169114382171988,0.8461109935127571,0.7474764953991704,0.9797297297297297,0.9797297297297297,0.903448275862069,0.6383133859521427,0.9987812100008033,4.0,0.30653831057314895,10019.0,7280.5,20976.0,20.5,6562.5,305.5,189.5,171.0,6835.286872229813,4333.451855640485,0.21724137931034482,1.0,11,0.5454545454545454,0.8154761904761905,168,0.9047619047619048,63,0.6182432432432432,0.47635135135135137,0.22297297297297297,11.0,0.7562270293968559,0.0,0.8446383938073001,0.08940962231285507,0.8923050574958588,0.5649265902898443,0.10727452367486012,0.43472943601839625,0.6387855339104282,0.6040861577535,0.5329116716503072,1.3414496212118991,1.18204065474822,1.0907470951700147,1.5285922944492663,1.3249307997483577,1.236484453429256
qen_tzh_pzhao_long_cnone_clen_iexplicit,98,0.0,16270.5,9317.5,411.0,0.8542532319868777,0.01020408163265306,0.09183673469387756,0.3979591836734694,0.9486267474947421,0.8405491024287223,0.7731140102098696,0.9591836734693877,0.9591836734693877,0.925531914893617,0.7269617423513031,0.997508997902532,3.0,0.21597513332003565,8186.5,3770.5,13573.5,31.5,3139.0,249.5,109.0,98.5,5522.2659878457125,2548.3632945244644,0.09574468085106383,1.0,1,0.0,0.8648648648648649,37,0.7777777777777778,9,0.5102040816326531,0.2755102040816326,0.09183673469387756,5.0,0.854485740174881,0.0,0.9086527281156176,0.12464714878579414,0.9392895645971842,0.6957401202549027,0.06028550735898219,0.3039063558063039,0.6193117806761974,0.8589773156457537,0.6185411406312967,1.0191321802598012,1.3235603774152471,0.9761506517618311,1.5537439674023423,1.2500292453366222,1.307124419994367
qen_tzh_pzhao_long_csycophancy_clen,100,0.02,33542.5,19135.5,880.5,0.7366997219999799,0.02,0.31,0.67,0.9182263198024219,0.8511919698870766,0.7892998678996037,0.99,0.99,0.6666666666666666,0.38268617736298344,0.9990713914270857,9.0,0.601713306681896,10112.0,17048.0,29434.0,27.0,16514.0,336.0,509.0,504.0,6809.46378357413,10325.624736894857,0.18181818181818182,1.0,2,0.5,0.9090909090909091,66,0.967741935483871,31,0.68,0.54,0.31,14.5,0.7372798035411303,0.0,0.8260882536187754,0.08170977049015206,0.8810797909844273,0.6359617308363656,0.11859849834244475,0.36370495019376714,0.5842050565728152,0.5279407199161849,0.4088760473644591,1.6431888387534248,1.4376042877469424,1.1328229543442632,1.8500823388293655,2.706873714450012,1.7635017261765704
qen_tzh_pzhao_long_cunethical_clen,297,0.003367003367003367,24862.0,12828.0,640.0,0.7086607952521052,0.0707070707070707,0.31313131313131315,0.67003367003367,0.9119219745904094,0.8280540208717004,0.6887442736652823,1.0,1.0,0.7003367003367004,0.386094674556213,0.9977490702681543,10.0,0.572658060244952,8094.0,13823.0,22457.0,45.0,12690.0,235.0,350.0,341.0,4697.3954661999915,7215.594380001241,0.15488215488215487,1.0,21,0.14285714285714285,0.8894472361809045,199,0.989247311827957,93,0.6801346801346801,0.5858585858585859,0.31313131313131315,18.0,0.7127977810522782,0.0,0.833923851881707,0.06843132464973146,0.8630099614501943,0.6088989577935242,0.13665973112315014,0.39087374562938837,0.5747532725105242,0.5795001956845465,0.47639923108383864,1.7257124374283979,1.5870288640245191,1.3615165227337966,1.7993118455342108,2.331093418372352,1.7242367904681686
