cell_key,decile,chars,verification_per_1k,backtracking_per_1k,hedging_per_1k
qen_ten_pneutral_cmetadata_clen,1,368722,0.34714500355281214,4.260662504542718,1.9391302932832866
qen_ten_pneutral_cmetadata_clen,2,364478,0.44447127124270874,4.922107781539626,2.3074095007106052
qen_ten_pneutral_cmetadata_clen,3,365037,0.39995945616471756,4.799513473976611,2.5586447401222343
qen_ten_pneutral_cmetadata_clen,4,364123,0.4119487096393252,4.503972558723288,2.392048840639015
qen_ten_pneutral_cmetadata_clen,5,364317,0.32389375186993746,4.287474918820697,2.6734958840789753
qen_ten_pneutral_cmetadata_clen,6,364577,0.2880050030583388,4.177443996741429,2.537186931704414
qen_ten_pneutral_cmetadata_clen,7,365306,0.2600559530913809,3.96380021132968,2.5567606335510504
qen_ten_pneutral_cmetadata_clen,8,363733,0.2584313218762114,3.876469828143171,2.6557942226853215
qen_ten_pneutral_cmetadata_clen,9,365886,0.21318115478591693,3.67327528246503,2.894344139978026
qen_ten_pneutral_cmetadata_clen,10,359484,0.16134236850596967,2.9737067574634755,3.24910148991332
qen_ten_pneutral_cnone_clen,1,257760,0.3026070763500931,3.7942271880819365,1.804003724394786
qen_ten_pneutral_cnone_clen,2,253013,0.3478082153881421,4.450364210534636,2.1105634888325895
qen_ten_pneutral_cnone_clen,3,253877,0.3781358689444101,4.5652028344434505,1.9340074130385974
qen_ten_pneutral_cnone_clen,4,252722,0.3877778745024177,4.324910375827985,1.8122680257357888
qen_ten_pneutral_cnone_clen,5,253078,0.4030377986233493,4.437367135823738,1.8018160409043853
qen_ten_pneutral_cnone_clen,6,253081,0.39513041279274225,4.152820638451721,2.1099964043132435
qen_ten_pneutral_cnone_clen,7,254177,0.5114546162713385,3.788698426686915,2.12843805694457
qen_ten_pneutral_cnone_clen,8,252932,0.5297866620277387,3.613619470845919,2.131007543529486
qen_ten_pneutral_cnone_clen,9,253065,0.5374113370082785,3.3706755181475114,2.0469049453697665
qen_ten_pneutral_cnone_clen,10,249909,0.5361951750437159,2.9690807453913224,2.2008010915973415
qen_ten_pzhao_long_cmetadata_clen,1,2202279,0.5807620197077664,1.5352278253572775,0.8318655356564723
qen_ten_pzhao_long_cmetadata_clen,2,2192444,0.6709407401055626,2.058433419508092,1.5485002125481881
qen_ten_pzhao_long_cmetadata_clen,3,2192122,0.6295270062523892,2.154989548939338,1.8406822248031816
qen_ten_pzhao_long_cmetadata_clen,4,2191792,0.6068094052720331,2.200026279865973,2.054483272135312
qen_ten_pzhao_long_cmetadata_clen,5,2193418,0.5949618358197115,2.1874535542245024,2.224382219896071
qen_ten_pzhao_long_cmetadata_clen,6,2191725,0.5516202990794922,2.1686114818236777,2.4209241579121468
qen_ten_pzhao_long_cmetadata_clen,7,2192843,0.5864532937378554,2.214932852009925,2.541905644863768
qen_ten_pzhao_long_cmetadata_clen,8,2192365,0.5715289196826259,2.1716274434229703,2.6678951725647875
qen_ten_pzhao_long_cmetadata_clen,9,2192358,0.5779165628971181,2.2642287436632156,2.6555881840465836
qen_ten_pzhao_long_cmetadata_clen,10,2181824,0.5334985773371271,2.1550775864597695,2.772909272241941
qen_ten_pzhao_long_cmetadata_clen_iexplicit,1,542970,0.5562001583881245,1.4199679540306094,0.5801425493121167
qen_ten_pzhao_long_cmetadata_clen_iexplicit,2,539639,0.7004682760141502,2.010603384855431,1.211921302945117
qen_ten_pzhao_long_cmetadata_clen_iexplicit,3,539351,0.621116860819763,2.1377544493289156,1.661255842670172
qen_ten_pzhao_long_cmetadata_clen_iexplicit,4,539790,0.6039385687026436,2.291631930936105,1.7284499527594064
qen_ten_pzhao_long_cmetadata_clen_iexplicit,5,539711,0.5854985353272399,2.1567097946864155,1.958455543800293
qen_ten_pzhao_long_cmetadata_clen_iexplicit,6,539515,0.6209280557537789,2.1667608870930373,2.3094816640871896
qen_ten_pzhao_long_cmetadata_clen_iexplicit,7,539765,0.6095245152983243,2.3917816086630292,2.2676535158819116
qen_ten_pzhao_long_cmetadata_clen_iexplicit,8,539150,0.6602986181953074,2.22758045070945,2.424186219048502
qen_ten_pzhao_long_cmetadata_clen_iexplicit,9,540373,0.5533215019995448,2.1707228155366756,2.5371363854226616
qen_ten_pzhao_long_cmetadata_clen_iexplicit,10,535875,0.602752507581059,2.203872171681829,2.483788196874271
qen_ten_pzhao_long_cnone_clen,1,1795340,0.5553265676696336,1.5651631445854268,0.8555482526986532
qen_ten_pzhao_long_cnone_clen,2,1783632,0.6946500174923975,1.9807897593225507,1.1442943387425208
qen_ten_pzhao_long_cnone_clen,3,1784438,0.7117086724223537,2.098699982851744,1.3516860770730057
qen_ten_pzhao_long_cnone_clen,4,1781536,0.6640337326890953,2.231220699441381,1.4223681138074111
qen_ten_pzhao_long_cnone_clen,5,1784437,0.6467025734167136,2.211902129355085,1.509719872430352
qen_ten_pzhao_long_cnone_clen,6,1783337,0.6611201360146736,2.1560703333133335,1.6945759550774755
qen_ten_pzhao_long_cnone_clen,7,1783994,0.6945090622502094,2.098101226797848,1.641261125317686
qen_ten_pzhao_long_cnone_clen,8,1783514,0.6610545249434543,2.1065155642176063,1.7459913406903451
qen_ten_pzhao_long_cnone_clen,9,1784685,0.5827358889664003,2.0491011018751206,1.7117866738388008
qen_ten_pzhao_long_cnone_clen,10,1773551,0.5880857105321471,1.8471416948258044,1.7073092344116407
qen_ten_pzhao_long_cnone_clen_iexplicit,1,543965,0.5551827783037512,1.529510170691129,0.8107139246091201
qen_ten_pzhao_long_cnone_clen_iexplicit,2,540047,0.6832738632007955,1.9553853646071546,1.0739805979849901
qen_ten_pzhao_long_cnone_clen_iexplicit,3,540768,0.7600301793005503,2.019350257411681,1.2648677436534705
qen_ten_pzhao_long_cnone_clen_iexplicit,4,539909,0.6723355232085407,2.0855366367295227,1.318740750756146
qen_ten_pzhao_long_cnone_clen_iexplicit,5,540433,0.6790851039814371,2.13902555913499,1.439586405715417
qen_ten_pzhao_long_cnone_clen_iexplicit,6,540444,0.6513163250956621,2.2463011893924256,1.454359748651109
qen_ten_pzhao_long_cnone_clen_iexplicit,7,539696,0.5743974385580031,2.156769737037147,1.521226764697163
qen_ten_pzhao_long_cnone_clen_iexplicit,8,540398,0.6717271344453533,2.2113331285459976,1.4119223239168168
qen_ten_pzhao_long_cnone_clen_iexplicit,9,540301,0.6126214832102846,2.2580006329805054,1.5139709162115191
qen_ten_pzhao_long_cnone_clen_iexplicit,10,536993,0.502799850277378,2.0242349527833694,1.5400573191829316
qen_ten_pzhao_long_csycophancy_clen,1,819023,0.5653076897718379,1.5225457648930494,0.9999719177605513
qen_ten_pzhao_long_csycophancy_clen,2,814273,0.580886262960948,2.0128384460739825,1.723009359268943
qen_ten_pzhao_long_csycophancy_clen,3,815099,0.5680291596480919,2.1236684132847667,2.1236684132847667
qen_ten_pzhao_long_csycophancy_clen,4,815370,0.5531231220182249,2.1707936274329445,2.1205097072494694
qen_ten_pzhao_long_csycophancy_clen,5,814841,0.5669817792673663,2.1083867895699897,2.2887900829732426
qen_ten_pzhao_long_csycophancy_clen,6,815287,0.5642184899305398,2.147709947539946,2.461709802805638
qen_ten_pzhao_long_csycophancy_clen,7,814702,0.5498943171859159,2.006868769194135,2.5899040385318806
qen_ten_pzhao_long_csycophancy_clen,8,814807,0.5191413426737865,1.9710189038631234,2.649707231282991
qen_ten_pzhao_long_csycophancy_clen,9,815154,0.4943851100528244,1.9235629095851827,2.747947013693118
qen_ten_pzhao_long_csycophancy_clen,10,812124,0.5146997256576582,1.8223818037639572,2.680625126212253
qen_ten_pzhao_long_cunethical_clen,1,1882204,0.5350110827519228,1.5184326459831134,0.7650605354148647
qen_ten_pzhao_long_cunethical_clen,2,1868076,0.637554360743353,1.9710118860260504,1.3564758607251526
qen_ten_pzhao_long_cunethical_clen,3,1869747,0.6139868121195007,2.060706608969021,1.7462255588590327
qen_ten_pzhao_long_cunethical_clen,4,1869987,0.5641750450671582,2.1123141497775118,1.8192639841881253
qen_ten_pzhao_long_cunethical_clen,5,1869377,0.5504507651479611,2.081977043688887,2.031692911595681
qen_ten_pzhao_long_cunethical_clen,6,1870665,0.5356383959714861,2.1361387527964655,2.0858892425955475
qen_ten_pzhao_long_cunethical_clen,7,1869912,0.5251584031761922,2.048759513816693,2.1172119329679684
qen_ten_pzhao_long_cunethical_clen,8,1870002,0.5155074700454866,2.081281196490699,2.2272703451654063
qen_ten_pzhao_long_cunethical_clen,9,1869218,0.5162586707382445,2.0944587522696656,2.2116200464579308
qen_ten_pzhao_long_cunethical_clen,10,1859833,0.495743435028844,1.9447982695220485,2.097500151895358
qen_ttr_pneutral_cmetadata_clen,1,264174,0.11356151627336528,0.4693876005965765,0.7381498557768743
qen_ttr_pneutral_cmetadata_clen,2,259370,0.15807533639202684,0.9021860662374215,1.2954466592127076
qen_ttr_pneutral_cmetadata_clen,3,260732,0.11506067532945707,0.9511682493901784,1.6990626390316494
qen_ttr_pneutral_cmetadata_clen,4,259522,0.11945037414939774,1.109732508226663,2.0229498847881877
qen_ttr_pneutral_cmetadata_clen,5,260373,0.08833481198127302,1.063858387774462,2.181485791537525
qen_ttr_pneutral_cmetadata_clen,6,259879,0.17315750791714607,1.1736231092162122,2.2164161013394694
qen_ttr_pneutral_cmetadata_clen,7,260689,0.1419315736375528,1.3425959668417156,2.2402172703873195
qen_ttr_pneutral_cmetadata_clen,8,260122,0.15761834831348367,1.1340832378653094,2.102859427499404
qen_ttr_pneutral_cmetadata_clen,9,260642,0.16497724848642967,1.055087054273678,2.0564605857843326
qen_ttr_pneutral_cmetadata_clen,10,256353,0.171638326838383,1.162459577223594,1.8451120135126173
qen_ttr_pneutral_cnone_clen,1,220722,0.10873406366379428,0.60256793613686,0.8200360634644485
qen_ttr_pneutral_cnone_clen,2,216060,0.15273535129130797,0.6572248449504767,0.7497917245209664
qen_ttr_pneutral_cnone_clen,3,216262,0.17571279281612118,0.813827671990456,0.883187984944188
qen_ttr_pneutral_cnone_clen,4,216102,0.23137222237647037,0.6802343337868229,1.1337238896447048
qen_ttr_pneutral_cnone_clen,5,216618,0.17542401831796064,0.7524767101533575,1.191036755948259
qen_ttr_pneutral_cnone_clen,6,216574,0.16622493928172358,0.7895684615881869,1.2236002474904653
qen_ttr_pneutral_cnone_clen,7,216453,0.15707797997717748,0.7900098404734515,1.0995458598402426
qen_ttr_pneutral_cnone_clen,8,216439,0.21253101335711216,0.7577192650123129,0.993351475473459
qen_ttr_pneutral_cnone_clen,9,216708,0.1984236853277221,0.8213817671705705,1.056721486977869
qen_ttr_pneutral_cnone_clen,10,212514,0.21645632758312394,0.6823079891207168,0.9552311847690035
qen_ttr_pzhao_long_cmetadata_clen,1,868606,0.1116731866922402,0.4720206860187473,0.8450321549701476
qen_ttr_pzhao_long_cmetadata_clen,2,854849,0.18014877481286168,0.8890459016738629,1.4236432399172252
qen_ttr_pzhao_long_cmetadata_clen,3,856821,0.16923021261150228,1.0433917936185038,1.914052059881819
qen_ttr_pzhao_long_cmetadata_clen,4,857043,0.17618719247458994,1.1598017835744532,2.1632520188601974
qen_ttr_pzhao_long_cmetadata_clen,5,856010,0.15186738472681394,1.1390053854511046,2.2207684489667177
qen_ttr_pzhao_long_cmetadata_clen,6,856654,0.1844385247719616,1.2128584002409375,2.1852463188171654
qen_ttr_pzhao_long_cmetadata_clen,7,856879,0.18905819841541222,1.2032037195449998,2.1765033336095296
qen_ttr_pzhao_long_cmetadata_clen,8,856705,0.21594364454508844,1.1801028358653212,2.176945389603189
qen_ttr_pzhao_long_cmetadata_clen,9,857591,0.21688660445363817,1.245348890088632,2.011448347755515
qen_ttr_pzhao_long_cmetadata_clen,10,843592,0.24300846854877714,1.1937050137981393,1.6749803222410833
qen_ttr_pzhao_long_cmetadata_clen_iexplicit,1,241558,0.09935502032638124,0.45123738398231483,0.8238187102062444
qen_ttr_pzhao_long_cmetadata_clen_iexplicit,2,238096,0.14699952960150528,0.7685975404878704,1.2347960486526444
qen_ttr_pzhao_long_cmetadata_clen_iexplicit,3,238629,0.11733695401648585,0.9093613936277652,1.7935791542519979
qen_ttr_pzhao_long_cmetadata_clen_iexplicit,4,238105,0.1175951785976775,0.9701602234308393,1.9613195858969783
qen_ttr_pzhao_long_cmetadata_clen_iexplicit,5,237973,0.1680862955041118,1.1009652355519324,1.9792161295609165
qen_ttr_pzhao_long_cmetadata_clen_iexplicit,6,239008,0.13807069219440354,1.288659793814433,2.079428303655108
qen_ttr_pzhao_long_cmetadata_clen_iexplicit,7,238197,0.08396411373778848,1.1125245070256973,1.8807961477264616
qen_ttr_pzhao_long_cmetadata_clen_iexplicit,8,238262,0.14270005288296078,1.0912356985167588,1.92225365354106
qen_ttr_pzhao_long_cmetadata_clen_iexplicit,9,238088,0.20160612882631632,0.9618292396088841,1.537246732300662
qen_ttr_pzhao_long_cmetadata_clen_iexplicit,10,234597,0.17050516417515996,0.9079399992327267,1.1551724872867086
qen_ttr_pzhao_long_cnone_clen,1,801027,0.07864903430221454,0.6179566980888285,0.942540014256698
qen_ttr_pzhao_long_cnone_clen,2,787039,0.12451733649793721,0.7572686995180671,1.0685620407629102
qen_ttr_pzhao_long_cnone_clen,3,788648,0.18005498016859234,0.7747436118521824,1.134853572189367
qen_ttr_pzhao_long_cnone_clen,4,788254,0.2093233906837136,0.7700563523940253,1.0567659663002027
qen_ttr_pzhao_long_cnone_clen,5,786924,0.19696946592047007,0.8056686541521163,1.1106536336418764
qen_ttr_pzhao_long_cnone_clen,6,788899,0.19140599747242676,0.877171855966353,1.2599838509112067
qen_ttr_pzhao_long_cnone_clen,7,788485,0.2156033405835241,0.8725594018909681,1.1769405885971198
qen_ttr_pzhao_long_cnone_clen,8,786859,0.21859062424144604,0.8527576096861064,1.1374337714889198
qen_ttr_pzhao_long_cnone_clen,9,789533,0.23431572841160533,0.8397369077669964,1.0449214915652671
qen_ttr_pzhao_long_cnone_clen,10,777692,0.23788337799540177,0.8525225924916291,0.8486650241998117
qen_ttr_pzhao_long_cnone_clen_iexplicit,1,182231,0.12072589186252614,0.4335157025972529,0.8999566484297403
qen_ttr_pzhao_long_cnone_clen_iexplicit,2,178191,0.10662715849846513,0.6509868624116818,0.84179335656683
qen_ttr_pzhao_long_cnone_clen_iexplicit,3,177337,0.1184186041266064,0.49059135995308367,0.9811827199061673
qen_ttr_pzhao_long_cnone_clen_iexplicit,4,178265,0.11219252236838415,0.6731551342103049,1.082657840854907
qen_ttr_pzhao_long_cnone_clen_iexplicit,5,177890,0.16302209230423295,0.6239811119230986,1.1411546461296307
qen_ttr_pzhao_long_cnone_clen_iexplicit,6,177860,0.18553918812549197,0.6859327561003036,1.062633531991454
qen_ttr_pzhao_long_cnone_clen_iexplicit,7,178303,0.14581919541454716,0.6393610875868606,1.2394631610236508
qen_ttr_pzhao_long_cnone_clen_iexplicit,8,178460,0.20732937352908215,0.6275916171691135,1.0142328813179424
qen_ttr_pzhao_long_cnone_clen_iexplicit,9,177940,0.16859615600764302,0.47206923682140045,0.8823198831066652
qen_ttr_pzhao_long_cnone_clen_iexplicit,10,174299,0.13769442165474272,0.533565883912128,0.6769975731358183
qen_ttr_pzhao_long_csycophancy_clen,1,306360,0.12077294685990338,0.5777516647081864,0.8649954302128215
qen_ttr_pzhao_long_csycophancy_clen,2,303025,0.19140334955861726,0.8877155350218628,1.1319198085966504
qen_ttr_pzhao_long_csycophancy_clen,3,302393,0.12235732970009226,2.004014643196106,1.584031376387681
qen_ttr_pzhao_long_csycophancy_clen,4,302695,0.11562794231817507,2.111035861180396,1.787277622689506
qen_ttr_pzhao_long_csycophancy_clen,5,302640,0.15199577055247157,2.1081152524451494,1.7644726407613005
qen_ttr_pzhao_long_csycophancy_clen,6,302760,0.10899722552516845,2.1337032633108732,1.9586471132249967
qen_ttr_pzhao_long_csycophancy_clen,7,302889,0.12876004080702833,2.2219360887982065,1.9677175466920225
qen_ttr_pzhao_long_csycophancy_clen,8,302067,0.15890514356086563,2.277640391039074,1.860514389191802
qen_ttr_pzhao_long_csycophancy_clen,9,303315,0.16154822544219705,2.0902362230684273,1.8594530438652885
qen_ttr_pzhao_long_csycophancy_clen,10,298594,0.16075339759003865,2.0261626154577788,1.6175810632497638
qen_ttr_pzhao_long_cunethical_clen,1,745590,0.14485172816159014,0.5016161697447659,0.8838637857267398
qen_ttr_pzhao_long_cunethical_clen,2,732623,0.13376593418443047,0.7493622231352278,1.2148130757565623
qen_ttr_pzhao_long_cunethical_clen,3,734656,0.13475694746929176,0.999107065075355,1.558552574266051
qen_ttr_pzhao_long_cunethical_clen,4,733147,0.15003812332315347,1.0338990679904576,1.829101121603171
qen_ttr_pzhao_long_cunethical_clen,5,733455,0.13906783647258522,1.1588986372715435,1.8801426127028924
qen_ttr_pzhao_long_cunethical_clen,6,734060,0.17982181293082308,1.119799471432853,1.7532626760755252
qen_ttr_pzhao_long_cunethical_clen,7,734333,0.16341360118638273,1.0921475679289914,1.7512490927140685
qen_ttr_pzhao_long_cunethical_clen,8,732479,0.19659266682048224,1.1181207925414927,1.6573853994448988
qen_ttr_pzhao_long_cunethical_clen,9,733979,0.1989157727945895,1.1308225439692416,1.5286540895584206
qen_ttr_pzhao_long_cunethical_clen,10,723268,0.2336616579193328,1.0646122875614572,1.2941261053993818
qen_tzh_pneutral_cmetadata_clen,1,261087,0.5783512775435008,1.1567025550870016,1.4363028415815418
qen_tzh_pneutral_cmetadata_clen,2,258243,0.7279964994210879,1.6379921236974477,2.0833091313220495
qen_tzh_pneutral_cmetadata_clen,3,259167,0.6173625500160128,1.632152241604834,2.7472633475712573
qen_tzh_pneutral_cmetadata_clen,4,259452,0.5049103495058817,1.5995251530148158,2.8213311132695065
qen_tzh_pneutral_cmetadata_clen,5,258532,0.5337830520012996,1.875976668265437,3.4502498723562267
qen_tzh_pneutral_cmetadata_clen,6,259250,0.570877531340405,1.9633558341369335,3.5294117647058822
qen_tzh_pneutral_cmetadata_clen,7,258165,0.5771502721127961,1.8205411267987528,3.687564154707261
qen_tzh_pneutral_cmetadata_clen,8,259428,0.4702653530073855,1.9542994588093807,3.762122824059084
qen_tzh_pneutral_cmetadata_clen,9,259576,0.5624556969827719,1.7990877430887293,4.021943477054889
qen_tzh_pneutral_cmetadata_clen,10,255808,0.6137415561671253,1.778677758318739,4.081185889417063
qen_tzh_pneutral_cnone_clen,1,233010,0.49783271104244453,1.4462898588043431,1.7896227629715462
qen_tzh_pneutral_cnone_clen,2,231182,0.6142346722495696,1.7302385133790692,1.985448694102482
qen_tzh_pneutral_cnone_clen,3,230642,0.6546942881175155,1.8903755603922963,1.981425759402017
qen_tzh_pneutral_cnone_clen,4,230690,0.6502232433135376,2.0503706272486886,2.089384021847501
qen_tzh_pneutral_cnone_clen,5,231247,0.7178471504495193,2.002188136494744,1.954619951826402
qen_tzh_pneutral_cnone_clen,6,230874,0.6670305014856588,2.0270797058135606,2.2739676187011097
qen_tzh_pneutral_cnone_clen,7,231420,0.7389162561576355,1.9574799066632098,2.1821795868982803
qen_tzh_pneutral_cnone_clen,8,230623,0.8585440307341419,2.172376562615177,2.172376562615177
qen_tzh_pneutral_cnone_clen,9,230900,0.7752273711563448,1.9185794716327413,2.386314421827631
qen_tzh_pneutral_cnone_clen,10,227928,0.8248218735741111,1.9523709241514864,2.2331613491979923
qen_tzh_pzhao_long_cmetadata_clen,1,1023002,0.5816215413068596,0.9511222851959233,1.1730182345684563
qen_tzh_pzhao_long_cmetadata_clen,2,1014195,0.6862585597444278,1.2581406928647845,1.787624667840011
qen_tzh_pzhao_long_cmetadata_clen,3,1014183,0.6389379431522714,1.5115615229204198,2.2283946782779833
qen_tzh_pzhao_long_cmetadata_clen,4,1014112,0.6024975545107444,1.5797071723833265,2.5864993215739482
qen_tzh_pzhao_long_cmetadata_clen,5,1014523,0.531284160142254,1.5130263187724675,2.7825884676838277
qen_tzh_pzhao_long_cmetadata_clen,6,1017185,0.5721673048658799,1.5945968530798231,2.811681257588344
qen_tzh_pzhao_long_cmetadata_clen,7,1013929,0.5927436733735794,1.6342367167720817,2.893693739896975
qen_tzh_pzhao_long_cmetadata_clen,8,1015905,0.5374518286650819,1.6655100624566272,2.8752688489573335
qen_tzh_pzhao_long_cmetadata_clen,9,1014343,0.5372935979249622,1.7203253731725856,2.6953407279391683
qen_tzh_pzhao_long_cmetadata_clen,10,1005283,0.567999259909896,1.664207989193093,2.4281719674957203
qen_tzh_pzhao_long_cmetadata_clen_iexplicit,1,233711,0.4236000872872907,0.6674910466345187,1.0996487114427649
qen_tzh_pzhao_long_cmetadata_clen_iexplicit,2,230678,0.7803084819531988,1.0187360736611206,1.7773693200045084
qen_tzh_pzhao_long_cmetadata_clen_iexplicit,3,231375,0.7260940032414911,1.179902755267423,2.459211237169098
qen_tzh_pzhao_long_cmetadata_clen_iexplicit,4,231003,0.5367895655034783,1.3376449656497968,2.9653294545958278
qen_tzh_pzhao_long_cmetadata_clen_iexplicit,5,231630,0.569874368605103,1.3858308509260457,3.0177438155679317
qen_tzh_pzhao_long_cmetadata_clen_iexplicit,6,230618,0.6330815461065485,1.456954791039728,3.3561994293593735
qen_tzh_pzhao_long_cmetadata_clen_iexplicit,7,231534,0.5873867336978587,1.6585037186763067,3.25222213584182
qen_tzh_pzhao_long_cmetadata_clen_iexplicit,8,231531,0.5701180403488085,1.572143687022472,3.317050416574886
qen_tzh_pzhao_long_cmetadata_clen_iexplicit,9,231239,0.6184077945329292,1.6735931222674376,2.862838880984609
qen_tzh_pzhao_long_cmetadata_clen_iexplicit,10,227867,0.6231705336885113,1.6939706056603194,2.659446080388999
qen_tzh_pzhao_long_cnone_clen,1,906038,0.509912387780645,0.9767802233460406,1.2229067654999017
qen_tzh_pzhao_long_cnone_clen,2,895840,0.6362743347026255,1.2167351312734418,1.2569208787283443
qen_tzh_pzhao_long_cnone_clen,3,897201,0.6821213975463692,1.0777963912211421,1.4444923712746642
qen_tzh_pzhao_long_cnone_clen,4,897548,0.5960683996844737,1.175424601246953,1.416080254203675
qen_tzh_pzhao_long_cnone_clen,5,896242,0.6159050792085173,1.2931775123236804,1.531952307524084
qen_tzh_pzhao_long_cnone_clen,6,897013,0.6008831533099297,1.3790212627910632,1.5295207538798212
qen_tzh_pzhao_long_cnone_clen,7,897786,0.6449198361302136,1.4112494514282914,1.607287259992916
qen_tzh_pzhao_long_cnone_clen,8,897407,0.6808504948145044,1.4040452102557703,1.5756507359536978
qen_tzh_pzhao_long_cnone_clen,9,897813,0.6203964522678999,1.450190629897317,1.543751315697144
qen_tzh_pzhao_long_cnone_clen,10,887496,0.6591579004299738,1.4016964583502347,1.3622596608886124
qen_tzh_pzhao_long_cnone_clen_iexplicit,1,181812,0.4400149605086573,0.764525993883792,1.452049369678569
qen_tzh_pzhao_long_cnone_clen_iexplicit,2,178909,0.4974596023676841,0.944614301125153,1.1514233493004824
qen_tzh_pzhao_long_cnone_clen_iexplicit,3,178978,0.653711629362268,1.044821151202941,1.5979617606633219
qen_tzh_pzhao_long_cnone_clen_iexplicit,4,178509,0.7282545978073934,1.0363623122643677,1.697393408735694
qen_tzh_pzhao_long_cnone_clen_iexplicit,5,178995,0.6033688091846141,1.1899773736696555,1.2961255901002822
qen_tzh_pzhao_long_cnone_clen_iexplicit,6,179452,0.7912979515413593,1.281679780665582,1.766489089004302
qen_tzh_pzhao_long_cnone_clen_iexplicit,7,178653,0.7388624876156572,1.1866579346554493,1.4553352028793247
qen_tzh_pzhao_long_cnone_clen_iexplicit,8,179017,0.8267371255243915,1.3015523665350217,1.709334867638269
qen_tzh_pzhao_long_cnone_clen_iexplicit,9,179084,0.8096759062786179,1.306649393580666,1.351321167720176
qen_tzh_pzhao_long_cnone_clen_iexplicit,10,176036,0.9259469653934422,1.005476152605149,1.3292735576813834
qen_tzh_pzhao_long_csycophancy_clen,1,419311,0.5294399622237432,1.0183372246375602,1.550162051556005
qen_tzh_pzhao_long_csycophancy_clen,2,417211,0.5944234452111761,1.397374469992402,1.8455889226314743
qen_tzh_pzhao_long_csycophancy_clen,3,417096,0.5969848667932562,1.6159349406371675,2.2680629878972707
qen_tzh_pzhao_long_csycophancy_clen,4,416473,0.5162399483279828,1.666374530881954,2.401116038734804
qen_tzh_pzhao_long_csycophancy_clen,5,417205,0.47458683381071654,1.6059251447130307,2.523939070720629
qen_tzh_pzhao_long_csycophancy_clen,6,416837,0.5589714924538849,1.58815076396769,2.5309653413684488
qen_tzh_pzhao_long_csycophancy_clen,7,417036,0.5467153914769948,1.5610163151382614,2.9014281740665075
qen_tzh_pzhao_long_csycophancy_clen,8,416888,0.5229222237147627,1.5711653969411448,2.5978200379958167
qen_tzh_pzhao_long_csycophancy_clen,9,417339,0.5559029949273852,1.5479023048409086,2.5063557443708833
qen_tzh_pzhao_long_csycophancy_clen,10,413857,0.582326745711683,1.6092515047468088,2.5081127055963774
qen_tzh_pzhao_long_cunethical_clen,1,917056,0.521233163514551,1.0032102728731942,1.0675465838509317
qen_tzh_pzhao_long_cunethical_clen,2,909244,0.5862012837038243,1.4330586729194803,1.510045708302722
qen_tzh_pzhao_long_cunethical_clen,3,909603,0.6222494868640495,1.6776549769514832,2.1130097416125495
qen_tzh_pzhao_long_cunethical_clen,4,910257,0.5679714630044043,1.6940270714754184,2.279575987880346
qen_tzh_pzhao_long_cunethical_clen,5,908578,0.577826009434523,1.8149239801095778,2.479699046201867
qen_tzh_pzhao_long_cunethical_clen,6,910633,0.5633443988961525,1.8294966248752242,2.4378646501938763
qen_tzh_pzhao_long_cunethical_clen,7,909451,0.6124574056216333,1.8450691681025146,2.4531283158740824
qen_tzh_pzhao_long_cunethical_clen,8,911040,0.5180892167193537,1.768308746048472,2.267737969792764
qen_tzh_pzhao_long_cunethical_clen,9,908621,0.6108157306511736,1.7763181788666562,2.308993518749842
qen_tzh_pzhao_long_cunethical_clen,10,900608,0.5940431353041501,1.6633207788516202,1.9853254690164865
