family,prefix,instruct,cue,num,den,metric,kind,n_items,median_num,median_den,median_ratio,ci_lo,ci_hi,share_below_1,median_diff,mean_num,mean_den
language,zhao_long,none,metadata,en,tr,chars,ratio,97,34197.0,22536.0,1.5377309549463267,1.4221942521501993,1.6781038636825452,0.10309278350515463,,,
language,zhao_long,none,metadata,en,tr,tokens,ratio,97,12085.0,9605.0,1.204626334519573,1.0861260053619304,1.3392815892815892,0.28865979381443296,,,
language,zhao_long,none,metadata,en,tr,n_sent,ratio,97,612.0,404.0,1.5486111111111112,1.3997214484679665,1.72,0.1134020618556701,,,
language,zhao_long,none,metadata,en,tr,pre_commit_chars_regex,ratio,92,18072.0,10226.5,1.5020768854862356,1.233113730929265,1.8802064447195077,0.2608695652173913,,,
language,zhao_long,none,metadata,en,tr,post_commit_chars_regex,ratio,93,12973.0,8203.0,1.547087819431833,1.1341682303989558,2.4398111723052716,0.3655913978494624,,,
language,zhao_long,none,metadata,en,tr,pre_commit_chars_last,ratio,93,31796.0,20648.0,1.479480496532226,1.396705155980774,1.676025917926566,0.11827956989247312,,,
language,zhao_long,none,metadata,en,tr,post_commit_chars_last,ratio,93,497.0,39.0,5.185279187817259,2.0,11.944444444444445,0.3225806451612903,,,
language,zhao_long,none,metadata,en,tr,recheck_span_chars,ratio,91,12336.0,8234.0,1.4181132075471699,0.946011336927969,2.017156415404271,0.4065934065934066,,,
language,zhao_long,none,metadata,en,tr,pre_commit_sent,ratio,92,339.0,175.0,1.6460499606446,1.2182118254879448,2.0800694936409947,0.2717391304347826,,,
language,zhao_long,none,metadata,en,tr,post_commit_sent,ratio,93,255.0,151.0,1.6598360655737705,1.0445859872611465,2.1379310344827585,0.3763440860215054,,,
language,zhao_long,none,metadata,en,tr,recheck_span_sent,ratio,91,225.0,147.0,1.3804347826086956,0.9585987261146497,2.0,0.45054945054945056,,,
language,zhao_long,none,metadata,en,tr,pre_commit_tokens_est,ratio,92,6652.428038790669,4721.745585104412,1.204880445036912,1.0025757039685077,1.5724594532127494,0.391304347826087,,,
language,zhao_long,none,metadata,en,tr,post_commit_tokens_est,ratio,93,4800.541969270293,3856.741875866318,1.3091637505207303,0.8927823543933648,1.816726932067729,0.41935483870967744,,,
language,zhao_long,none,metadata,en,tr,pre_commit_chars_shift-10,ratio,92,14866.849999999999,8690.3,1.5178502615911418,1.1294460590203086,1.9865842719027211,0.32608695652173914,,,
language,zhao_long,none,metadata,en,tr,post_commit_chars_shift-10,ratio,93,16053.7,10283.7,1.5308123328171197,1.2765681036375613,2.094662705697787,0.34408602150537637,,,
language,zhao_long,none,metadata,en,tr,pre_commit_chars_shift-5,ratio,92,16506.425000000003,9528.0,1.4918260713389042,1.2009500347622704,2.0050430271260664,0.29347826086956524,,,
language,zhao_long,none,metadata,en,tr,post_commit_chars_shift-5,ratio,93,14423.8,9038.95,1.5383762113607935,1.2516490732845227,2.310205421822733,0.3548387096774194,,,
language,zhao_long,none,metadata,en,tr,pre_commit_chars_shift+5,ratio,93,19761.3,10954.7,1.6560571256206782,1.2649100305556604,1.866339705143735,0.24731182795698925,,,
language,zhao_long,none,metadata,en,tr,post_commit_chars_shift+5,ratio,91,11584.2,7298.1,1.5130147004139916,1.0800755459624174,2.327850926919724,0.3956043956043956,,,
language,zhao_long,none,metadata,en,tr,pre_commit_chars_shift+10,ratio,93,21176.4,11916.6,1.5700113671592435,1.267829941803695,1.8884719829474115,0.23655913978494625,,,
language,zhao_long,none,metadata,en,tr,post_commit_chars_shift+10,ratio,82,10408.150000000001,8083.150000000001,1.3954682619197423,0.7049896421409332,1.9544127531928126,0.4268292682926829,,,
language,zhao_long,none,metadata,en,tr,commit_frac_regex,diff,93,0.5687937307584663,0.5667465019538636,,-0.1015966751546768,0.04829687008234751,,-0.019327419483849084,,
language,zhao_long,none,metadata,en,tr,commit_last_frac,diff,93,0.9831692426159178,0.9980361651661608,,-0.015739054327313706,-0.00020179321438074105,,-0.005275578658524904,,
language,zhao_long,none,metadata,en,tr,prose_compliance,diff,97,0.9760765550239234,1.0,,-0.0273972602739726,-0.017021681878492977,,-0.021428571428571463,,
language,zhao_long,none,metadata,en,tr,pre_switch_compliance,diff,97,0.9760765550239234,1.0,,-0.0273972602739726,-0.017021681878492977,,-0.021428571428571463,,
language,zhao_long,none,metadata,en,tr,pre_switch_nt_compliance,diff,97,0.9760765550239234,1.0,,-0.0273972602739726,-0.017021681878492977,,-0.021428571428571463,,
language,zhao_long,none,metadata,en,tr,pre_commit_compliance,diff,92,0.9788007190549564,1.0,,-0.024890481879729198,-0.015818471005423402,,-0.02107152107152105,,
language,zhao_long,none,metadata,en,tr,post_commit_compliance,diff,93,0.9775784753363229,1.0,,-0.024752475247524774,-0.013333333333333308,,-0.018633540372670843,,
language,zhao_long,none,metadata,en,tr,pre_commit_en_share,diff,92,0.9015490997588185,0.0,,0.8789182891077201,0.9124171232304817,,0.8998631205335116,,
language,zhao_long,none,metadata,en,tr,post_commit_en_share,diff,93,0.9403669724770642,0.0,,0.926101521689757,0.9458192090395481,,0.9373350426061383,,
language,zhao_long,none,metadata,en,tr,has_switch,rate,97,0.0,0.0,,0.0,0.0,,0.0,0.0,0.0
language,zhao_long,none,metadata,en,tr,has_switch_prose,rate,97,0.0,0.0,,0.0,0.0,,0.0,0.0,0.0
language,zhao_long,none,metadata,en,tr,has_switch_nt,rate,97,0.0,0.0,,0.0,0.0,,0.0,0.0,0.0
language,zhao_long,none,metadata,en,tr,has_commit,rate,97,1.0,1.0,,-0.061855670103092786,0.020618556701030927,,-0.020618556701030927,0.9690721649484536,0.9896907216494846
language,zhao_long,none,metadata,en,tr,switch_after_commit,rate,0,,,,,,,,,
language,zhao_long,none,metadata,en,tr,switch_nt_after_commit,rate,0,,,,,,,,,
language,zhao_long,none,metadata,en,tr,has_tail_en,rate,0,,,,,,,,,
language,zhao_long,none,metadata,en,tr,has_tail_en_5,rate,0,,,,,,,,,
language,zhao_long,none,none,en,tr,chars,ratio,97,25141.0,17411.0,1.7448881276094637,1.613030072836141,1.8429339642933964,0.12371134020618557,,,
language,zhao_long,none,none,en,tr,tokens,ratio,97,9574.0,7826.0,1.3763081718993542,1.295778665145465,1.5028441410693971,0.20618556701030927,,,
language,zhao_long,none,none,en,tr,n_sent,ratio,97,447.0,312.0,1.7028112449799198,1.5315904139433552,1.93631669535284,0.14432989690721648,,,
language,zhao_long,none,none,en,tr,pre_commit_chars_regex,ratio,92,15530.5,9560.0,1.53224731256712,1.373656351791531,1.7448092031425364,0.15217391304347827,,,
language,zhao_long,none,none,en,tr,post_commit_chars_regex,ratio,92,5938.5,3177.5,1.9435241604722542,1.4431856047984006,2.714293922628375,0.29347826086956524,,,
language,zhao_long,none,none,en,tr,pre_commit_chars_last,ratio,92,21997.0,14957.5,1.7066178148678526,1.4823092783505154,1.8206048693400103,0.15217391304347827,,,
language,zhao_long,none,none,en,tr,post_commit_chars_last,ratio,92,355.5,20.0,5.045751633986928,2.5314530127209167,16.917739403453687,0.2608695652173913,,,
language,zhao_long,none,none,en,tr,recheck_span_chars,ratio,86,4322.5,3097.0,1.4877184603460674,0.9479902741792752,2.065919901065449,0.4069767441860465,,,
language,zhao_long,none,none,en,tr,pre_commit_sent,ratio,92,295.0,169.5,1.563807094567904,1.4095860566448803,1.8181818181818181,0.16304347826086957,,,
language,zhao_long,none,none,en,tr,post_commit_sent,ratio,92,120.0,62.5,1.9606481481481481,1.525,2.625581395348837,0.31521739130434784,,,
language,zhao_long,none,none,en,tr,recheck_span_sent,ratio,86,91.5,61.5,1.5516260162601627,0.994926207513417,2.1548423423423424,0.4069767441860465,,,
language,zhao_long,none,none,en,tr,pre_commit_tokens_est,ratio,92,6578.965067143661,4599.945633630534,1.2894159511576393,1.1452977001202016,1.4475410112312015,0.30434782608695654,,,
language,zhao_long,none,none,en,tr,post_commit_tokens_est,ratio,92,2474.135823890937,1549.8991438478329,1.5197669322942446,1.132776193806095,2.2242664457300156,0.33695652173913043,,,
language,zhao_long,none,none,en,tr,pre_commit_chars_shift-10,ratio,92,13500.849999999999,8161.700000000001,1.4818318946487261,1.367152681864134,1.7376038792042603,0.17391304347826086,,,
language,zhao_long,none,none,en,tr,post_commit_chars_shift-10,ratio,92,8127.45,4405.1,1.7046243972970019,1.4303464360532918,2.228428590730982,0.2391304347826087,,,
language,zhao_long,none,none,en,tr,pre_commit_chars_shift-5,ratio,92,14397.425,8750.1,1.513575770610877,1.3687255548233872,1.7632395660054125,0.17391304347826086,,,
language,zhao_long,none,none,en,tr,post_commit_chars_shift-5,ratio,92,6933.2,3818.2000000000003,1.741698295984158,1.4358285143582852,2.560015967232462,0.2608695652173913,,,
language,zhao_long,none,none,en,tr,pre_commit_chars_shift+5,ratio,92,16935.95,10483.0,1.5479017024675894,1.4453384356965564,1.7610985989307748,0.13043478260869565,,,
language,zhao_long,none,none,en,tr,post_commit_chars_shift+5,ratio,84,5169.625,2841.5,1.6305607296462576,1.1903324306059124,2.464049800502944,0.36904761904761907,,,
language,zhao_long,none,none,en,tr,pre_commit_chars_shift+10,ratio,92,18317.55,11401.05,1.5399324316991374,1.4567389301130025,1.7428292419410134,0.13043478260869565,,,
language,zhao_long,none,none,en,tr,post_commit_chars_shift+10,ratio,74,4429.15,2527.4500000000007,1.520521649702895,0.852509217623921,2.3862547805546805,0.43243243243243246,,,
language,zhao_long,none,none,en,tr,commit_frac_regex,diff,92,0.7233206302165274,0.7810728194841154,,-0.0942585795660017,0.00958059476409659,,-0.036891046678578954,,
language,zhao_long,none,none,en,tr,commit_last_frac,diff,92,0.9886422038367029,0.9980675635580567,,-0.019673506159007408,-0.000509544138242779,,-0.005752288661038163,,
language,zhao_long,none,none,en,tr,prose_compliance,diff,97,0.9602977667493796,1.0,,-0.0505050505050505,-0.02358468502647948,,-0.03562945368171022,,
language,zhao_long,none,none,en,tr,pre_switch_compliance,diff,97,0.9602977667493796,1.0,,-0.0505050505050505,-0.02358468502647948,,-0.03562945368171022,,
language,zhao_long,none,none,en,tr,pre_switch_nt_compliance,diff,97,0.9602977667493796,1.0,,-0.0505050505050505,-0.02358468502647948,,-0.03562945368171022,,
language,zhao_long,none,none,en,tr,pre_commit_compliance,diff,92,0.9759938544267333,1.0,,-0.032342033946655246,-0.009714690740282545,,-0.02125040318245347,,
language,zhao_long,none,none,en,tr,post_commit_compliance,diff,88,0.9504098360655737,1.0,,-0.07373188405797099,-0.03738644304682037,,-0.04839968774395009,,
language,zhao_long,none,none,en,tr,pre_commit_en_share,diff,92,0.8878775510204082,0.0,,0.8684109272797229,0.8966761774745784,,0.8809670942845222,,
language,zhao_long,none,none,en,tr,post_commit_en_share,diff,88,0.8685185185185185,0.0,,0.8481509625126646,0.896551724137931,,0.8680851063829788,,
language,zhao_long,none,none,en,tr,has_switch,rate,97,0.0,0.0,,0.0,0.0,,0.0,0.0,0.0
language,zhao_long,none,none,en,tr,has_switch_prose,rate,97,0.0,0.0,,0.0,0.0,,0.0,0.0,0.0
language,zhao_long,none,none,en,tr,has_switch_nt,rate,97,0.0,0.0,,0.0,0.0,,0.0,0.0,0.0
language,zhao_long,none,none,en,tr,has_commit,rate,97,1.0,1.0,,-0.05154639175257732,0.030927835051546393,,-0.010309278350515464,0.9690721649484536,0.979381443298969
language,zhao_long,none,none,en,tr,switch_after_commit,rate,0,,,,,,,,,
language,zhao_long,none,none,en,tr,switch_nt_after_commit,rate,0,,,,,,,,,
language,zhao_long,none,none,en,tr,has_tail_en,rate,0,,,,,,,,,
language,zhao_long,none,none,en,tr,has_tail_en_5,rate,0,,,,,,,,,
language,zhao_long,none,unethical,en,tr,chars,ratio,98,29211.0,20533.5,1.4062846059945477,1.248718192176225,1.597051198963059,0.1836734693877551,,,
language,zhao_long,none,unethical,en,tr,tokens,ratio,98,10017.0,9314.5,1.1022163013822932,0.9795447749204093,1.2601585231263168,0.42857142857142855,,,
language,zhao_long,none,unethical,en,tr,n_sent,ratio,98,523.0,424.5,1.2965338696854594,1.1324582338902147,1.5022318698789288,0.25510204081632654,,,
language,zhao_long,none,unethical,en,tr,pre_commit_chars_regex,ratio,96,15142.5,9941.0,1.428522263602138,1.2144308066787428,1.6913965617270081,0.2916666666666667,,,
language,zhao_long,none,unethical,en,tr,post_commit_chars_regex,ratio,96,11209.0,7605.0,1.4575081562738355,1.1227997515013461,1.7468142575673729,0.375,,,
language,zhao_long,none,unethical,en,tr,pre_commit_chars_last,ratio,96,27126.5,18491.0,1.3726295018499632,1.2110211401554263,1.552706432172295,0.20833333333333334,,,
language,zhao_long,none,unethical,en,tr,post_commit_chars_last,ratio,96,344.0,26.5,5.20899330554503,3.1504498106060606,15.8125,0.25,,,
language,zhao_long,none,unethical,en,tr,recheck_span_chars,ratio,92,10089.5,7570.5,1.3219146636193932,0.9881128317162501,1.687512049798999,0.41304347826086957,,,
language,zhao_long,none,unethical,en,tr,pre_commit_sent,ratio,96,274.0,190.5,1.3784948803650061,1.106896551724138,1.6502890173410405,0.3125,,,
language,zhao_long,none,unethical,en,tr,post_commit_sent,ratio,96,237.5,142.0,1.3637090432503278,1.0994764397905759,1.7036585365853658,0.3541666666666667,,,
language,zhao_long,none,unethical,en,tr,recheck_span_sent,ratio,92,209.0,140.5,1.2189305323466222,0.9681191193934411,1.6670798016951864,0.41304347826086957,,,
language,zhao_long,none,unethical,en,tr,pre_commit_tokens_est,ratio,96,5279.787093774954,4669.757959251896,1.2002630249128168,0.9545766073934756,1.3632346836388205,0.4270833333333333,,,
language,zhao_long,none,unethical,en,tr,post_commit_tokens_est,ratio,96,4308.647056777712,3316.7703801013213,1.1283338247298746,0.8430740228119284,1.3858699303574136,0.4375,,,
language,zhao_long,none,unethical,en,tr,pre_commit_chars_shift-10,ratio,95,12122.6,8113.299999999999,1.4307473153627,1.188631774092098,1.6433971090154136,0.35789473684210527,,,
language,zhao_long,none,unethical,en,tr,post_commit_chars_shift-10,ratio,96,14003.3,9133.650000000001,1.4599634446749117,1.200813964284609,1.7088241041766596,0.3333333333333333,,,
language,zhao_long,none,unethical,en,tr,pre_commit_chars_shift-5,ratio,95,13639.3,9017.5,1.437521587289404,1.1595056406598034,1.658075615406183,0.30526315789473685,,,
language,zhao_long,none,unethical,en,tr,post_commit_chars_shift-5,ratio,96,12879.7,8379.575,1.4746306379715848,1.157663559830981,1.727482614717601,0.3333333333333333,,,
language,zhao_long,none,unethical,en,tr,pre_commit_chars_shift+5,ratio,96,16668.1,11205.900000000001,1.3857409477967577,1.232170205423054,1.6357056086954649,0.2604166666666667,,,
language,zhao_long,none,unethical,en,tr,post_commit_chars_shift+5,ratio,91,9753.7,6999.950000000001,1.3998927422238112,0.9705954096906534,1.718450479233226,0.4175824175824176,,,
language,zhao_long,none,unethical,en,tr,pre_commit_chars_shift+10,ratio,96,18186.9,12468.8,1.4052739241800072,1.24818221365981,1.6124979399000163,0.2708333333333333,,,
language,zhao_long,none,unethical,en,tr,post_commit_chars_shift+10,ratio,87,8663.4,6308.0,1.2156240956139972,0.9036830382253019,1.7153865412969094,0.4482758620689655,,,
language,zhao_long,none,unethical,en,tr,commit_frac_regex,diff,96,0.5350512953140384,0.5739787568024948,,-0.0780770576259292,0.06501730308659512,,0.005956904084638337,,
language,zhao_long,none,unethical,en,tr,commit_last_frac,diff,96,0.9860737293299648,0.9985643100170665,,-0.015400156021096567,-0.001406195499451257,,-0.00792720779697298,,
language,zhao_long,none,unethical,en,tr,prose_compliance,diff,98,0.939243156894914,1.0,,-0.06643356643356646,-0.05007820430219131,,-0.06069825850892907,,
language,zhao_long,none,unethical,en,tr,pre_switch_compliance,diff,98,0.939243156894914,1.0,,-0.06643356643356646,-0.05007820430219131,,-0.06069825850892907,,
language,zhao_long,none,unethical,en,tr,pre_switch_nt_compliance,diff,98,0.939243156894914,1.0,,-0.06643356643356646,-0.05007820430219131,,-0.06069825850892907,,
language,zhao_long,none,unethical,en,tr,pre_commit_compliance,diff,96,0.9414904453408304,1.0,,-0.0714285714285714,-0.048327137546468446,,-0.05849068022270637,,
language,zhao_long,none,unethical,en,tr,post_commit_compliance,diff,96,0.940737489025461,1.0,,-0.06299603174603174,-0.04938271604938271,,-0.05842198581560287,,
language,zhao_long,none,unethical,en,tr,pre_commit_en_share,diff,96,0.877016129032258,0.0,,0.8421128989712476,0.8876275510204081,,0.8737745098039216,,
language,zhao_long,none,unethical,en,tr,post_commit_en_share,diff,96,0.8989608969100356,0.0,,0.8753378378378378,0.9063829787234042,,0.8925052158562028,,
language,zhao_long,none,unethical,en,tr,has_switch,rate,98,0.0,0.0,,0.0,0.0,,0.0,0.0,0.0
language,zhao_long,none,unethical,en,tr,has_switch_prose,rate,98,0.0,0.0,,0.0,0.0,,0.0,0.0,0.0
language,zhao_long,none,unethical,en,tr,has_switch_nt,rate,98,0.0,0.0,,-0.05102040816326531,0.0,,-0.02040816326530612,0.0,0.02040816326530612
language,zhao_long,none,unethical,en,tr,has_commit,rate,98,1.0,1.0,,-0.030612244897959183,0.030612244897959183,,0.0,0.9897959183673469,0.9897959183673469
language,zhao_long,none,unethical,en,tr,switch_after_commit,rate,0,,,,,,,,,
language,zhao_long,none,unethical,en,tr,switch_nt_after_commit,rate,0,,,,,,,,,
language,zhao_long,none,unethical,en,tr,has_tail_en,rate,0,,,,,,,,,
language,zhao_long,none,unethical,en,tr,has_tail_en_5,rate,0,,,,,,,,,
