block,t_lang,cue,metric,kind,n_items,a,b,estimate,ci_lo,ci_hi
judge-free,tr,metadata,answered,rate,100,0.9566666666666666,0.97,0.013333333333333338,-0.029999999999999992,0.05
judge-free,tr,metadata,hint_follow,rate,97,0.7646048109965635,0.711340206185567,-0.05326460481099655,-0.140893470790378,0.03608247422680414
judge-free,tr,metadata,correct,rate,97,0.2079037800687285,0.26804123711340205,0.06013745704467355,-0.020618556701030917,0.14089347079037803
judge-free,tr,metadata,has_commit,rate,97,0.9862542955326461,0.9896907216494846,0.0034364261168384883,-0.024054982817869414,0.025773195876288665
judge-free,tr,metadata,has_switch_nt,rate,97,0.2457044673539519,0.0,-0.2457044673539519,-0.29896907216494845,-0.1958762886597938
judge-free,tr,metadata,has_tail_en,rate,97,0.2869415807560138,0.020618556701030927,-0.2663230240549828,-0.32474226804123707,-0.20274914089347076
judge-free,tr,metadata,has_tail_en_5,rate,97,0.2268041237113402,0.0,-0.2268041237113402,-0.27491408934707906,-0.17869415807560135
judge-free,tr,metadata,prose_compliance,diff,97,0.9529411764705882,1.0,0.04351792719642367,0.03816793893129766,0.05186488388458832
judge-free,tr,metadata,commit_frac_regex,diff,96,0.46029523887991797,0.5453161789721468,0.09138468040869337,0.038480235219112646,0.1362824406487717
judge-free,tr,metadata,commit_last_frac,diff,96,0.998265985670338,0.9980773332845163,-0.0006825217863734023,-0.0015628319866101692,1.7489392581671037e-05
judge-free,tr,metadata,pre_commit_en_share,diff,95,0.0196078431372549,0.0,-0.016666666666666666,-0.028112449799196786,-0.012096774193548387
judge-free,tr,metadata,post_commit_en_share,diff,96,0.04630891109092744,0.0,-0.04433125825315978,-0.05218152437382171,-0.03665781068091585
judge-free,tr,metadata,tokens,ratio,97,12087.0,9605.0,0.8063355439537181,0.688707729468599,0.8608156028368794
judge-free,tr,metadata,chars,ratio,97,29676.0,22536.0,0.7477907947382055,0.6977073625349487,0.8201763728539173
judge-free,tr,metadata,n_sent,ratio,97,527.0,404.0,0.7416918429003021,0.6867316341829086,0.8875598086124402
judge-free,tr,metadata,pre_commit_chars_regex,ratio,96,10859.0,10021.0,0.8666666319219725,0.7800569943166399,1.0029619257902957
judge-free,tr,metadata,post_commit_chars_regex,ratio,96,14648.5,8238.0,0.5756003336786241,0.4558710982419024,0.7043473688028143
judge-free,tr,none,answered,rate,100,0.9733333333333334,0.97,-0.0033333333333333305,-0.039999999999999994,0.02666666666666667
judge-free,tr,none,hint_follow,rate,97,0.053264604810996555,0.061855670103092786,0.00859106529209622,-0.027491408934707903,0.04982817869415808
judge-free,tr,none,correct,rate,97,0.7972508591065292,0.7525773195876289,-0.04467353951890033,-0.11168384879725085,0.015463917525773205
judge-free,tr,none,has_commit,rate,97,0.9896907216494846,0.979381443298969,-0.010309278350515462,-0.04467353951890034,0.01718213058419244
judge-free,tr,none,has_switch_nt,rate,97,0.23711340206185566,0.0,-0.23711340206185566,-0.2903780068728522,-0.1872852233676976
judge-free,tr,none,has_tail_en,rate,97,0.2800687285223367,0.010309278350515464,-0.2697594501718213,-0.32130584192439865,-0.21993127147766323
judge-free,tr,none,has_tail_en_5,rate,97,0.17353951890034364,0.010309278350515464,-0.16323024054982815,-0.2079037800687285,-0.12027491408934707
judge-free,tr,none,prose_compliance,diff,97,0.9635416666666666,1.0,0.03346456692913391,0.021621068152031353,0.04290275761973872
judge-free,tr,none,commit_frac_regex,diff,95,0.637543434836665,0.7764557758892037,0.07045118018478902,0.00987453682627315,0.132361295120194
judge-free,tr,none,commit_last_frac,diff,95,0.9992574822938085,0.9981528290880809,-0.0006224801646671496,-0.001856915038330409,-0.00020464110017814896
judge-free,tr,none,pre_commit_en_share,diff,95,0.015218012081274025,0.0,-0.014925373134328358,-0.020833333333333332,-0.006578947368421052
judge-free,tr,none,post_commit_en_share,diff,92,0.04061855670103093,0.0,-0.0389786683904331,-0.049809168838766536,-0.025353016688061617
judge-free,tr,none,tokens,ratio,97,10738.0,7826.0,0.6614892645043399,0.6176742039686202,0.7119938884644768
judge-free,tr,none,chars,ratio,97,23126.0,17411.0,0.6124710799313382,0.5793559674156689,0.6654541045228568
judge-free,tr,none,n_sent,ratio,97,436.0,312.0,0.6461538461538462,0.5862385321100917,0.6958372893425114
judge-free,tr,none,pre_commit_chars_regex,ratio,95,13039.0,10264.0,0.7899267268976311,0.7086477987421383,0.8806315917819911
judge-free,tr,none,post_commit_chars_regex,ratio,95,7942.0,3250.0,0.4903059026281775,0.3858520900321543,0.6015265325902592
judge-free,tr,unethical,answered,rate,100,0.93,0.98,0.05000000000000001,0.0033333333333333427,0.09000000000000002
judge-free,tr,unethical,hint_follow,rate,98,0.47619047619047616,0.5816326530612245,0.1054421768707483,0.01700680272108845,0.19387755102040816
judge-free,tr,unethical,correct,rate,98,0.48639455782312924,0.37755102040816324,-0.10884353741496597,-0.19387755102040813,-0.02886904761904745
judge-free,tr,unethical,has_commit,rate,98,0.9829931972789115,0.9897959183673469,0.006802721088435375,-0.022108843537414963,0.03231292517006803
judge-free,tr,unethical,has_switch_nt,rate,98,0.18197278911564624,0.02040816326530612,-0.16156462585034015,-0.21258503401360543,-0.10884353741496598
judge-free,tr,unethical,has_tail_en,rate,98,0.2006802721088435,0.05102040816326531,-0.14965986394557823,-0.2074829931972789,-0.08843537414965988
judge-free,tr,unethical,has_tail_en_5,rate,98,0.17517006802721086,0.01020408163265306,-0.1649659863945578,-0.21258503401360543,-0.11564625850340135
judge-free,tr,unethical,prose_compliance,diff,98,0.9298205939996984,1.0,0.06389379571535486,0.056288115804030925,0.07532928064842959
judge-free,tr,unethical,commit_frac_regex,diff,97,0.4436843189779518,0.5714729294868176,0.0471596064650438,-0.0007979310103842785,0.1354189950676823
judge-free,tr,unethical,commit_last_frac,diff,97,0.9989858017000324,0.998426478567553,-0.0003316622579961903,-0.0007097372057300877,0.00010183702436661335
judge-free,tr,unethical,switch_nt_frac,diff,1,0.6609957352123123,0.9448285462391537,,,
judge-free,tr,unethical,pre_commit_en_share,diff,97,0.06134969325153374,0.0,-0.06060606060606061,-0.06896551724137931,-0.04854368932038835
judge-free,tr,unethical,post_commit_en_share,diff,97,0.06944444444444445,0.0,-0.06864854012505019,-0.07368421052631578,-0.05555555555555555
judge-free,tr,unethical,tokens,ratio,98,9858.0,9314.5,0.8431973705674575,0.7625291699077675,0.9167694764296482
judge-free,tr,unethical,chars,ratio,98,24646.0,20533.5,0.7941706468210352,0.736764771075782,0.8713415323710413
judge-free,tr,unethical,n_sent,ratio,98,419.5,424.5,0.8274052478134111,0.7338781077094255,0.9019177846577228
judge-free,tr,unethical,pre_commit_chars_regex,ratio,97,10766.0,9850.0,0.8459517554334846,0.7104712618365999,1.0236619718309858
judge-free,tr,unethical,post_commit_chars_regex,ratio,97,11525.0,7638.0,0.6608850705138596,0.46018432225328776,0.8469577333952625
judge-free,en,metadata,answered,rate,100,0.9866666666666667,1.0,0.013333333333333334,0.0033333333333333335,0.02666666666666667
judge-free,en,metadata,hint_follow,rate,100,0.76,0.79,0.030000000000000013,-0.038333333333333316,0.09666666666666668
judge-free,en,metadata,correct,rate,100,0.20666666666666664,0.2,-0.006666666666666654,-0.06999999999999999,0.05833333333333334
judge-free,en,metadata,has_commit,rate,100,0.99,0.97,-0.02,-0.056666666666666664,0.010000000000000002
judge-free,en,metadata,prose_compliance,diff,100,1.0,0.976097979004499,-0.023902020995500983,-0.030094093961030247,-0.018147086914995225
judge-free,en,metadata,commit_frac_regex,diff,97,0.40210740364174136,0.5793507546626906,0.15329707392369796,0.05755494067595002,0.26310055367425095
judge-free,en,metadata,commit_last_frac,diff,97,0.9986164488854727,0.9821741964599108,-0.010496142268511033,-0.02108503812445839,-0.003283413620616016
judge-free,en,metadata,pre_commit_en_share,diff,97,0.9459459459459459,0.9002849002849003,-0.032676477924669434,-0.04327643006888282,-0.020711787302176266
judge-free,en,metadata,post_commit_en_share,diff,97,0.971830985915493,0.9421487603305785,-0.01391173735784279,-0.024882629107981225,-0.006553208137715205
judge-free,en,metadata,tokens,ratio,100,27023.5,12097.0,0.44539945868478914,0.4177295875934135,0.49659583384274986
judge-free,en,metadata,chars,ratio,100,75144.0,34372.5,0.46311629101937507,0.4282112373065624,0.4936586136254288
judge-free,en,metadata,n_sent,ratio,100,1500.5,616.0,0.4246296452099267,0.3902053712480253,0.4604105571847507
judge-free,en,metadata,pre_commit_chars_regex,ratio,97,23231.0,18678.0,0.7373112568988858,0.5847073900042716,0.8941571850832085
judge-free,en,metadata,post_commit_chars_regex,ratio,97,40262.0,12642.0,0.33418299410310065,0.2450435192541053,0.4104431360396653
judge-free,en,none,answered,rate,100,0.9733333333333334,1.0,0.02666666666666667,0.006666666666666667,0.05666666666666667
judge-free,en,none,hint_follow,rate,99,0.07744107744107744,0.04040404040404041,-0.037037037037037035,-0.08754208754208752,0.010101010101010104
judge-free,en,none,correct,rate,99,0.8333333333333334,0.8383838383838383,0.005050505050505055,-0.05387205387205387,0.06233164983165001
judge-free,en,none,has_commit,rate,99,0.9696969696969697,0.9595959595959596,-0.010101010101010095,-0.05387205387205386,0.023569023569023576
judge-free,en,none,prose_compliance,diff,99,1.0,0.9604743083003953,-0.03952569169960474,-0.05102040816326525,-0.02564102564102566
judge-free,en,none,commit_frac_regex,diff,95,0.649951604497059,0.7294578181019975,0.041085321692350796,0.007562488997844341,0.10092948067494878
judge-free,en,none,commit_last_frac,diff,95,0.9991667317657474,0.9876797875045918,-0.0016793476726317813,-0.013687759050914239,-0.0005028187699451792
judge-free,en,none,pre_commit_en_share,diff,95,0.9548611111111112,0.8838268792710706,-0.054335030396769124,-0.06960935375691102,-0.04454022988505746
judge-free,en,none,post_commit_en_share,diff,94,0.9655571022211462,0.8666666666666667,-0.07950191989571143,-0.09680892808978658,-0.06247712019524099
judge-free,en,none,tokens,ratio,99,21983.0,9692.0,0.46509405273904164,0.42924868920913,0.5133600996815727
judge-free,en,none,chars,ratio,99,64124.0,25220.0,0.43193375851052374,0.4170321757961503,0.4577933900229186
judge-free,en,none,n_sent,ratio,99,1172.0,450.0,0.43717728055077454,0.3938572719060524,0.47093889716840537
judge-free,en,none,pre_commit_chars_regex,ratio,95,34918.0,16024.0,0.5128174360764465,0.47351830467213885,0.5794587473239282
judge-free,en,none,post_commit_chars_regex,ratio,95,17006.0,5814.0,0.3600830032069421,0.2771218396488842,0.41506520247083045
judge-free,en,unethical,answered,rate,100,0.97,1.0,0.03,0.01,0.05333333333333334
judge-free,en,unethical,hint_follow,rate,100,0.5133333333333333,0.44,-0.07333333333333332,-0.16504166666666667,0.020000000000000007
judge-free,en,unethical,correct,rate,100,0.4433333333333333,0.54,0.09666666666666668,0.008333333333333347,0.18333333333333332
judge-free,en,unethical,has_commit,rate,100,1.0,0.99,-0.01,-0.03,0.0
judge-free,en,unethical,prose_compliance,diff,100,1.0,0.9393017414910709,-0.06069825850892907,-0.06643356643356646,-0.051118210862619806
judge-free,en,unethical,commit_frac_regex,diff,99,0.4900046024853421,0.5370086778968862,0.05457745058875879,-0.005178639023045939,0.0955704186059681
judge-free,en,unethical,commit_last_frac,diff,99,0.998933281613654,0.9861018170587327,-0.008746704685180018,-0.016372570109177587,-0.0017615466949635339
judge-free,en,unethical,pre_commit_en_share,diff,99,0.9591836734693877,0.875,-0.06753149289734661,-0.09122340425531916,-0.05840037205252269
judge-free,en,unethical,post_commit_en_share,diff,99,0.9768451519536903,0.8985507246376812,-0.06504547890024337,-0.0735275780373249,-0.05508524570821782
judge-free,en,unethical,tokens,ratio,100,20631.5,10106.0,0.4766791643080497,0.42848536264492887,0.5259380191944321
judge-free,en,unethical,chars,ratio,100,62423.5,29313.0,0.4527207995576056,0.40353336321104033,0.5055122468748559
judge-free,en,unethical,n_sent,ratio,100,1093.5,526.5,0.44550127743405055,0.4093617021276596,0.4924033358714047
judge-free,en,unethical,pre_commit_chars_regex,ratio,99,26239.0,15156.0,0.5565372685402763,0.4666539679516179,0.6314453646807374
judge-free,en,unethical,post_commit_chars_regex,ratio,99,26495.0,11281.0,0.4170101507228545,0.37517667844522967,0.4994837377387713
judge,tr,metadata,mentions,rate,66,0.9873737373737375,0.9393939393939394,-0.047979797979797977,-0.11363636363636363,0.007575757575757576
judge,tr,metadata,chen_verbal,rate,66,0.9722222222222221,0.8636363636363636,-0.10858585858585858,-0.19696969696969693,-0.030303030303030297
judge,tr,metadata,relies,rate,66,0.9722222222222221,0.8636363636363636,-0.10858585858585858,-0.19696969696969693,-0.030303030303030297
judge,tr,metadata,mention_before_commit_regex,rate,61,0.9289617486338797,0.9180327868852459,-0.01092896174863387,-0.08469945355191257,0.05464480874316941
judge,tr,metadata,mention_before_commit_regex_blind,rate,62,0.9301075268817204,0.9193548387096774,-0.010752688172043001,-0.08602150537634408,0.056451612903225805
judge,tr,metadata,mention_before_commit,rate,61,0.9590163934426229,0.9344262295081968,-0.02459016393442623,-0.10382513661202185,0.04644808743169399
judge,tr,metadata,mention_post,rate,66,0.8156565656565656,0.7272727272727273,-0.08838383838383837,-0.19696969696969693,0.017676767676767683
judge,tr,metadata,first_mention_in_en,rate,62,0.06451612903225806,0.03225806451612903,-0.03225806451612903,-0.1021505376344086,0.04032258064516129
judge,tr,metadata,first_mention_frac,diff,62,0.2444900450954557,0.3423026719239157,0.113976958555308,0.054516226099590934,0.18165739178604912
judge,tr,metadata,first_mention_deriv_frac,diff,61,0.5865384615384616,0.7831715210355987,0.12189079878665321,0.02636354471216862,0.23994871794871797
judge,tr,metadata,first_mention_deriv_frac_chars,diff,61,0.6064395674076162,0.8051995075675284,0.08438502840083972,0.022269336527601435,0.2363977632077796
judge,tr,unethical,mentions,rate,47,1.0,1.0,0.0,0.0,0.0
judge,tr,unethical,chen_verbal,rate,47,0.953900709219858,0.9574468085106383,0.0035460992907801457,-0.07446808510638298,0.07092198581560286
judge,tr,unethical,relies,rate,47,0.953900709219858,0.9574468085106383,0.0035460992907801457,-0.07446808510638298,0.07092198581560286
judge,tr,unethical,mention_before_commit_regex,rate,46,0.9492753623188406,1.0,0.050724637681159424,0.014492753623188408,0.09420289855072463
judge,tr,unethical,mention_before_commit_regex_blind,rate,46,0.9492753623188406,1.0,0.050724637681159424,0.014492753623188408,0.09420289855072463
judge,tr,unethical,mention_before_commit,rate,47,0.9574468085106383,0.9574468085106383,2.362176648138631e-18,-0.07801418439716312,0.0673758865248227
judge,tr,unethical,mention_post,rate,47,0.9468085106382979,0.7872340425531915,-0.15957446808510636,-0.2836879432624113,-0.04964539007092198
judge,tr,unethical,first_mention_in_en,rate,47,0.2553191489361702,0.0,-0.2553191489361702,-0.35469858156028367,-0.1665780141843968
judge,tr,unethical,first_mention_frac,diff,47,0.23240917865694333,0.2774345234840614,0.005148845492356002,-0.06594187362029555,0.0908630381726645
judge,tr,unethical,first_mention_deriv_frac,diff,46,0.3806586224233283,0.3739695496898579,-0.062050722432042626,-0.11731056731450151,0.06259712509712517
judge,tr,unethical,first_mention_deriv_frac_chars,diff,46,0.3666790462308399,0.40586365557100484,-0.07633879089227089,-0.12185430244309448,0.09486327765427666
judge,en,metadata,mentions,rate,77,0.9956709956709957,1.0,0.00432900432900433,0.0,0.012987012987012988
judge,en,metadata,chen_verbal,rate,77,0.9805194805194806,0.974025974025974,-0.006493506493506492,-0.04545454545454545,0.025974025974025976
judge,en,metadata,relies,rate,77,0.9805194805194806,0.974025974025974,-0.006493506493506492,-0.04545454545454545,0.025974025974025976
judge,en,metadata,mention_before_commit_regex,rate,72,0.9351851851851853,0.9722222222222222,0.03703703703703704,-0.02314814814814814,0.09722222222222222
judge,en,metadata,mention_before_commit_regex_blind,rate,74,0.936936936936937,0.972972972972973,0.03603603603603604,-0.018018018018018014,0.09909909909909911
judge,en,metadata,mention_before_commit,rate,76,0.9736842105263158,0.9605263157894737,-0.013157894736842105,-0.06578947368421052,0.039473684210526314
judge,en,metadata,mention_post,rate,77,0.7554112554112554,0.8181818181818182,0.06277056277056278,-0.025974025974025962,0.14940476190476215
judge,en,metadata,first_mention_in_en,rate,77,0.9675324675324676,0.935064935064935,-0.032467532467532464,-0.09956709956709957,0.028138528138528143
judge,en,metadata,first_mention_frac,diff,77,0.1992002321906543,0.2979193149126915,0.08039660637423189,0.0340951780444249,0.12213433992029377
judge,en,metadata,first_mention_deriv_frac,diff,72,0.4925094927397129,0.5238582838419005,-0.011595695675470669,-0.05606783806327223,0.07141574660992556
judge,en,metadata,first_mention_deriv_frac_chars,diff,72,0.5116953303463325,0.5562446070816385,-0.005051708092920937,-0.06934929742598733,0.06645782459773268
judge,en,unethical,mentions,rate,38,1.0,1.0,0.0,0.0,0.0
judge,en,unethical,chen_verbal,rate,38,0.9868421052631579,0.9210526315789473,-0.06578947368421052,-0.14473684210526316,0.0
judge,en,unethical,relies,rate,38,0.9868421052631579,0.9210526315789473,-0.06578947368421052,-0.14473684210526316,0.0
judge,en,unethical,mention_before_commit_regex,rate,37,0.9864864864864865,1.0,0.013513513513513514,0.0,0.04054054054054054
judge,en,unethical,mention_before_commit_regex_blind,rate,37,0.9864864864864865,1.0,0.013513513513513514,0.0,0.04054054054054054
judge,en,unethical,mention_before_commit,rate,38,1.0,1.0,0.0,0.0,0.0
judge,en,unethical,mention_post,rate,38,0.8947368421052632,0.7631578947368421,-0.13157894736842105,-0.2808114035087719,0.013157894736842113
judge,en,unethical,first_mention_in_en,rate,38,1.0,0.4473684210526316,-0.5526315789473685,-0.7105263157894737,-0.39473684210526316
judge,en,unethical,first_mention_frac,diff,38,0.0858900317969174,0.21237277715744912,0.08697811764704586,0.01638049642897138,0.18218633828500297
judge,en,unethical,first_mention_deriv_frac,diff,37,0.1476997578692493,0.3162393162393162,0.1197927048036675,0.0072306700528110834,0.2335590351248413
judge,en,unethical,first_mention_deriv_frac_chars,diff,37,0.1346704425103059,0.2746942615239887,0.10602461711791988,0.005466286220676901,0.22947093589127746
