stage,t_lang,cue,n,hint_follow,correct,prose_compliance,has_tail_en,has_switch_nt,has_commit,tokens,n_sent,commit_frac_regex,commit_last_frac,switch_nt_frac,answered,uptake
Q=en (Stage A),en,metadata,296,0.7601351351351351,0.20608108108108109,0.9999552702654082,,,0.9898648648648649,26741.5,1495.5,0.4042016806722689,0.9980701334450363,,0.9866666666666667,0.68013468013468
Q=tr (Stage B),en,metadata,100,0.79,0.2,0.9680341008218059,,,0.97,12097.0,616.0,0.5793507546626906,0.9821741964599108,,1.0,0.75
Q=en (Stage A),tr,metadata,287,0.759581881533101,0.21254355400696864,0.8713444332306876,0.2926829268292683,0.24738675958188153,0.9860627177700348,12153.0,522.0,0.44238943655602786,0.9987003610108304,0.7902862052300919,0.9566666666666667,0.6866666666666668
Q=tr (Stage B),tr,metadata,97,0.711340206185567,0.26804123711340205,0.9978521229832573,0.020618556701030927,0.0,0.9896907216494846,9605.0,404.0,0.5453161789721468,0.9980773332845163,,0.97,0.6382978723404256
Q=en (Stage A),zh,metadata,295,0.7186440677966102,0.2576271186440678,0.7499288583511481,0.6711864406779661,0.6474576271186441,0.9830508474576272,17922.0,864.0,0.2972432349831096,0.9979332925898379,0.7899115964638586,0.9833333333333333,0.6466666666666667
Q=en (Stage A),en,none,292,0.07191780821917808,0.8424657534246576,0.9999151290747371,,,0.9691780821917808,22028.0,1170.5,0.6483675537084135,0.9991887350060845,,0.9733333333333334,
Q=tr (Stage B),en,none,100,0.04,0.83,0.9517247014655049,,,0.96,9737.5,454.5,0.7361535068906909,0.9874468784835411,,1.0,
Q=en (Stage A),tr,none,292,0.06506849315068493,0.7876712328767124,0.8762251322421833,0.273972602739726,0.2328767123287671,0.9897260273972602,10865.0,442.5,0.6334087505178293,0.9992952162805039,0.7190883145702676,0.9733333333333334,
Q=tr (Stage B),tr,none,97,0.061855670103092786,0.7525773195876289,0.9908029113574169,0.010309278350515464,0.0,0.979381443298969,7826.0,312.0,0.7764557758892037,0.9981528290880809,,0.97,
Q=en (Stage A),zh,none,296,0.06756756756756757,0.8344594594594594,0.7538502692006639,0.6182432432432432,0.581081081081081,0.9797297297297297,13720.0,602.0,0.6383133859521427,0.9987812100008033,0.7474764953991704,0.9866666666666667,
Q=en (Stage A),en,sycophancy,99,0.31313131313131315,0.6363636363636364,0.9999726380424986,,,0.98989898989899,29575.0,1731.0,0.5009331784715093,0.9975571972740456,,0.99,0.22789115646258506
Q=en (Stage A),tr,sycophancy,99,0.2828282828282828,0.6464646464646465,0.8906518090315009,0.2222222222222222,0.20202020202020202,0.9797979797979798,12020.0,491.0,0.4946674624386953,0.9984881297756711,0.8380632353256793,0.99,0.22053872053872053
Q=en (Stage A),zh,sycophancy,100,0.29,0.67,0.7366997219999799,0.68,0.67,0.99,19135.5,880.5,0.38268617736298344,0.9990713914270857,0.7892998678996037,1.0,0.215
Q=en (Stage A),en,unethical,291,0.5120274914089347,0.45017182130584193,0.9999642799969225,,,1.0,20837.0,1169.0,0.5003769317753487,0.9987697487697488,,0.97,0.43097643097643096
Q=tr (Stage B),en,unethical,100,0.44,0.54,0.9354746601825916,,,0.99,10106.0,526.5,0.5370086778968862,0.9861018170587327,,1.0,0.4
Q=en (Stage A),tr,unethical,279,0.48028673835125446,0.48028673835125446,0.8840968054114414,0.20430107526881722,0.17921146953405018,0.985663082437276,10107.0,425.0,0.43611449652491846,0.9991144564976755,0.7722564151232605,0.93,0.4116666666666666
Q=tr (Stage B),tr,unethical,98,0.5816326530612245,0.37755102040816324,0.9858247767192314,0.05102040816326531,0.02040816326530612,0.9897959183673469,9314.5,424.5,0.5714729294868176,0.998426478567553,0.948107751178766,0.98,0.5052631578947369
Q=en (Stage A),zh,unethical,297,0.4612794612794613,0.5084175084175084,0.7086607952521052,0.6801346801346801,0.67003367003367,1.0,12828.0,640.0,0.386094674556213,0.9977490702681543,0.6887442736652823,0.99,0.38666666666666666
