cue,pair,unit,cap,cap_from,cap_value,share_truncated_en,share_truncated_other,instrument,n_items,mention_en,mention_other,mention_en_minus_other,mention_ci_lo,mention_ci_hi,pos_items,pos_en_median,pos_other_median,pos_en_minus_other,pos_ci_lo,pos_ci_hi
metadata,en-tr,sentences,uncapped,tr,,0.0,0.0,judge,87,0.9961685823754788,0.9846743295019158,0.011494252873563218,-0.005747126436781611,0.03256704980842912,87,0.17276720351390923,0.25,-0.07064155418199934,-0.10630223168404052,-0.04926437921664652
metadata,en-tr,sentences,uncapped,tr,,0.0,0.0,keyword,87,0.9961685823754788,0.917624521072797,0.078544061302682,0.040229885057471264,0.1206896551724138,87,0.17276720351390923,0.2694723618090452,-0.09552579022961283,-0.13390080806231203,-0.06876754405488325
metadata,en-tr,sentences,p25,tr,388.0,0.9822222222222222,0.7431192660550459,judge,87,0.6954022988505747,0.8773946360153256,-0.18199233716475097,-0.25862068965517243,-0.10727969348659004,71,0.30927835051546393,0.25,0.03865979381443299,0.006443298969072142,0.12500000000000003
metadata,en-tr,sentences,p25,tr,388.0,0.9822222222222222,0.7431192660550459,keyword,87,0.6896551724137931,0.7662835249042146,-0.07662835249042146,-0.15134099616858238,-0.005747126436781607,69,0.3118556701030928,0.2551546391752577,0.007731958762886598,-0.028350515463917536,0.05154639175257733
metadata,en-tr,sentences,p50,tr,531.0,0.9511111111111111,0.5,judge,87,0.7490421455938698,0.9137931034482759,-0.16475095785440613,-0.2413793103448276,-0.0938697318007663,75,0.24670433145009416,0.2124248496993988,0.03331884687816891,-0.013069679849340848,0.09696439781185551
metadata,en-tr,sentences,p50,tr,531.0,0.9511111111111111,0.5,keyword,87,0.7567049808429118,0.8333333333333334,-0.07662835249042145,-0.14750957854406127,-0.011494252873563218,74,0.2570621468926554,0.24458568738229755,-0.007874358088584776,-0.045994547172583646,0.03129291340332855
metadata,en-tr,sentences,p75,tr,747.5,0.8577777777777778,0.25229357798165136,judge,87,0.8122605363984675,0.9559386973180075,-0.14367816091954022,-0.2183908045977012,-0.07279693486590039,78,0.19784514401692793,0.20669288832881455,0.006898197860363484,-0.027108433734939756,0.059175791896603214
metadata,en-tr,sentences,p75,tr,747.5,0.8577777777777778,0.25229357798165136,keyword,87,0.8084291187739465,0.8869731800766283,-0.07854406130268199,-0.15517241379310345,-0.0057471264367816135,77,0.2222222222222222,0.2575039494470774,-0.040787644872725695,-0.07343408722609734,-0.008299866131191436
metadata,en-tr,tokens,uncapped,tr,,0.0,0.0,judge,87,0.9961685823754788,0.9846743295019158,0.011494252873563218,-0.005747126436781611,0.03256704980842912,87,0.17276720351390923,0.25,-0.07064155418199934,-0.10630223168404052,-0.04926437921664652
metadata,en-tr,tokens,uncapped,tr,,0.0,0.0,keyword,87,0.9961685823754788,0.917624521072797,0.078544061302682,0.040229885057471264,0.1206896551724138,87,0.17276720351390923,0.2694723618090452,-0.09552579022961283,-0.13390080806231203,-0.06876754405488325
metadata,en-tr,tokens,p25,tr,8761.3,0.96,0.7477064220183486,judge,87,0.7337164750957854,0.8946360153256705,-0.16091954022988506,-0.2375478927203065,-0.08620689655172414,74,0.265646921548926,0.2551440712714802,0.012449577428324955,-0.009852398694349396,0.09005643214009607
metadata,en-tr,tokens,p25,tr,8761.3,0.96,0.7477064220183486,keyword,87,0.7318007662835249,0.7873563218390804,-0.05555555555555555,-0.12643678160919541,0.015325670498084292,72,0.2622320796040173,0.25677725932499357,-0.01856007632004393,-0.048965363794504904,0.01381543453425505
metadata,en-tr,tokens,p50,tr,11185.7,0.8977777777777778,0.5,judge,87,0.7988505747126436,0.9272030651340997,-0.12835249042145594,-0.1992337164750958,-0.059386973180076644,78,0.23198247491205032,0.22804809501698475,0.017401655571526002,-0.028452186536018886,0.06332583791616517
metadata,en-tr,tokens,p50,tr,11185.7,0.8977777777777778,0.5,keyword,87,0.7988505747126436,0.8409961685823754,-0.0421455938697318,-0.1111111111111111,0.0210727969348659,76,0.2454892501469731,0.2585862288671851,-0.03005793228926682,-0.057137383496500785,0.00234379818664035
metadata,en-tr,tokens,p75,tr,14331.9,0.8355555555555556,0.25229357798165136,judge,87,0.8524904214559388,0.9559386973180077,-0.10344827586206896,-0.1743295019157088,-0.03831417624521073,80,0.20521724950142659,0.2115764095240289,-0.004914104131073543,-0.03735362997658079,0.04073614557485525
metadata,en-tr,tokens,p75,tr,14331.9,0.8355555555555556,0.25229357798165136,keyword,87,0.8524904214559388,0.8908045977011494,-0.03831417624521073,-0.11111111111111112,0.03065134099616858,79,0.21193666260657734,0.2596685082872928,-0.05663283475783476,-0.07895546102198761,0.00234379818664035
metadata,en-tr,tokens_fertility,uncapped,tr,,0.0,0.0,judge,87,0.9961685823754788,0.9846743295019158,0.011494252873563218,-0.005747126436781611,0.03256704980842912,87,0.17276720351390923,0.25,-0.07064155418199934,-0.10630223168404052,-0.04926437921664652
metadata,en-tr,tokens_fertility,uncapped,tr,,0.0,0.0,keyword,87,0.9961685823754788,0.917624521072797,0.078544061302682,0.040229885057471264,0.1206896551724138,87,0.17276720351390923,0.2694723618090452,-0.09552579022961283,-0.13390080806231203,-0.06876754405488325
metadata,en-tr,tokens_fertility,p25,tr,6319.8,0.9866666666666667,0.7477064220183486,judge,87,0.6781609195402298,0.8946360153256705,-0.2164750957854406,-0.2950191570881226,-0.13793103448275862,68,0.3178669315636256,0.2506476683937824,0.09586531438419099,0.03232879663416942,0.17261259367107543
metadata,en-tr,tokens_fertility,p25,tr,6319.8,0.9866666666666667,0.7477064220183486,keyword,87,0.6724137931034483,0.7873563218390804,-0.11494252873563218,-0.19161877394636015,-0.038314176245210725,67,0.3220858895705521,0.2538860103626943,0.050552306692657534,0.003364269279513332,0.09767801857585143
metadata,en-tr,tokens_fertility,p50,tr,8068.6,0.9733333333333334,0.5,judge,87,0.7145593869731801,0.9272030651340997,-0.21264367816091953,-0.2950191570881226,-0.13409961685823754,73,0.26752767527675275,0.22357723577235772,0.0640473032714412,0.018726680554935288,0.13611847152353723
metadata,en-tr,tokens_fertility,p50,tr,8068.6,0.9733333333333334,0.5,keyword,87,0.7088122605363986,0.8409961685823754,-0.13218390804597702,-0.21072796934865898,-0.05555555555555556,72,0.26904522291976163,0.2537519747235387,0.03388407908940827,-0.01761340422365692,0.05959540962680358
metadata,en-tr,tokens_fertility,p75,tr,10338.2,0.9377777777777778,0.25229357798165136,judge,87,0.7835249042145594,0.9559386973180077,-0.1724137931034483,-0.24904214559386975,-0.0996168582375479,77,0.23529411764705882,0.210727969348659,0.04073614557485525,0.0052773434285244,0.09090473285104156
metadata,en-tr,tokens_fertility,p75,tr,10338.2,0.9377777777777778,0.25229357798165136,keyword,87,0.7835249042145594,0.8908045977011494,-0.10727969348659003,-0.18582375478927204,-0.03448275862068966,76,0.24495803271773048,0.2626467541436464,-0.003483571473374969,-0.03803224738636765,0.017481511130467947
metadata,en-zh,sentences,uncapped,zh,,0.0,0.0,judge,86,0.9961240310077518,0.9205426356589146,0.0755813953488372,0.034883720930232565,0.124031007751938,83,0.1858974358974359,0.22139483118957404,-0.027625496845357422,-0.052358300206221,-0.01716492132256342
metadata,en-zh,sentences,uncapped,zh,,0.0,0.0,keyword,86,0.9961240310077518,0.8992248062015505,0.09689922480620156,0.05038759689922481,0.1492248062015504,83,0.1790164513965829,0.3498402555910543,-0.12080126730379492,-0.19900993861376992,-0.07432581974190472
metadata,en-zh,sentences,p25,zh,600.2,0.9288888888888889,0.75,judge,86,0.7422480620155039,0.7848837209302325,-0.04263565891472869,-0.10852713178294572,0.021317829457364344,70,0.23267241379310344,0.2327181064684269,-0.0036363454855073,-0.024059139784946233,0.02791666666666666
metadata,en-zh,sentences,p25,zh,600.2,0.9288888888888889,0.75,keyword,86,0.7403100775193798,0.7054263565891472,0.03488372093023256,-0.025193798449612406,0.09883720930232558,65,0.21833333333333332,0.42521821631878554,-0.08166666666666667,-0.15,-0.024166666666666684
metadata,en-zh,sentences,p50,zh,895.5,0.8,0.5,judge,86,0.8372093023255814,0.8527131782945736,-0.015503875968992244,-0.0755813953488372,0.046511627906976744,75,0.1935483870967742,0.23049645390070922,-0.012746158757345083,-0.03577145916261559,0.01675977653631286
metadata,en-zh,sentences,p50,zh,895.5,0.8,0.5,keyword,86,0.8275193798449612,0.8081395348837209,0.019379844961240313,-0.04069767441860465,0.08139534883720931,74,0.1939808974590016,0.38594413407821226,-0.09189944134078212,-0.1967161034169874,-0.036312849162011177
metadata,en-zh,sentences,p75,zh,1307.2,0.6044444444444445,0.25,judge,86,0.8914728682170542,0.8817829457364342,0.009689922480620162,-0.04651162790697674,0.06589147286821706,78,0.18476203087909288,0.22289621077550992,-0.026706355066850998,-0.04210259748363086,-0.012746158757345083
metadata,en-zh,sentences,p75,zh,1307.2,0.6044444444444445,0.25,keyword,86,0.8972868217054263,0.8565891472868216,0.040697674418604654,-0.017441860465116272,0.10077519379844962,77,0.1858974358974359,0.3545827859373648,-0.08479377045849071,-0.16800382741977027,-0.042875395010678774
metadata,en-zh,tokens,uncapped,zh,,0.0,0.0,judge,86,0.9961240310077518,0.9205426356589146,0.0755813953488372,0.034883720930232565,0.124031007751938,83,0.1858974358974359,0.22139483118957404,-0.027625496845357422,-0.052358300206221,-0.01716492132256342
metadata,en-zh,tokens,uncapped,zh,,0.0,0.0,keyword,86,0.9961240310077518,0.8992248062015505,0.09689922480620156,0.05038759689922481,0.1492248062015504,83,0.1790164513965829,0.3498402555910543,-0.12080126730379492,-0.19900993861376992,-0.07432581974190472
metadata,en-zh,tokens,p25,zh,11631.4,0.8977777777777778,0.75,judge,86,0.7810077519379844,0.8197674418604651,-0.03875968992248063,-0.09883720930232556,0.019379844961240292,72,0.22717286485309443,0.24215934454787957,-0.003143356276357836,-0.022980366752485916,0.015165677221335522
metadata,en-zh,tokens,p25,zh,11631.4,0.8977777777777778,0.75,keyword,86,0.7790697674418605,0.7422480620155039,0.03682170542635659,-0.023255813953488382,0.09883720930232558,69,0.22701149425287356,0.4283434812120721,-0.07432581974190472,-0.14143316189351995,-0.014382683240020275
metadata,en-zh,tokens,p50,zh,16660.0,0.7688888888888888,0.5,judge,86,0.8682170542635658,0.8662790697674418,0.0019379844961240345,-0.05813953488372092,0.062015503875969,76,0.19281524926686217,0.22921126596472832,-0.012541393822849065,-0.0353736880439357,0.005526757503949445
metadata,en-zh,tokens,p50,zh,16660.0,0.7688888888888888,0.5,keyword,86,0.877906976744186,0.8197674418604651,0.05813953488372093,7.08412656701227e-18,0.11821705426356592,76,0.19281524926686217,0.3631919274459512,-0.10390175062507857,-0.17126916069525186,-0.030571126677873817
metadata,en-zh,tokens,p75,zh,22664.8,0.6044444444444445,0.25,judge,86,0.9224806201550388,0.8895348837209303,0.03294573643410854,-0.025193798449612396,0.09108527131782947,79,0.19208211143695014,0.22139483118957404,-0.020879773803316085,-0.03686145965505897,-0.006980486221555611
metadata,en-zh,tokens,p75,zh,22664.8,0.6044444444444445,0.25,keyword,86,0.928294573643411,0.8624031007751937,0.06589147286821706,0.005813953488372097,0.12790697674418608,79,0.1935483870967742,0.36347517730496454,-0.10006567405461508,-0.1896951814945872,-0.04861400818296306
metadata,en-zh,tokens_fertility,uncapped,zh,,0.0,0.0,judge,86,0.9961240310077518,0.9205426356589146,0.0755813953488372,0.034883720930232565,0.124031007751938,83,0.1858974358974359,0.22139483118957404,-0.027625496845357422,-0.052358300206221,-0.01716492132256342
metadata,en-zh,tokens_fertility,uncapped,zh,,0.0,0.0,keyword,86,0.9961240310077518,0.8992248062015505,0.09689922480620156,0.05038759689922481,0.1492248062015504,83,0.1790164513965829,0.3498402555910543,-0.12080126730379492,-0.19900993861376992,-0.07432581974190472
metadata,en-zh,tokens_fertility,p25,zh,13815.5,0.8577777777777778,0.75,judge,86,0.8391472868217055,0.8197674418604651,0.019379844961240313,-0.03294573643410852,0.07364341085271318,74,0.22258726844200066,0.24215934454787957,-0.026568208645936058,-0.04643418742292334,-0.006146734854445335
metadata,en-zh,tokens_fertility,p25,zh,13815.5,0.8577777777777778,0.75,keyword,86,0.8430232558139535,0.7422480620155039,0.10077519379844962,0.04263565891472868,0.16085271317829458,70,0.20555046455870066,0.4333330944103045,-0.09784154227089009,-0.18766271405116858,-0.047133630000235426
metadata,en-zh,tokens_fertility,p50,zh,19788.3,0.6888888888888889,0.5,judge,86,0.8914728682170542,0.8662790697674418,0.025193798449612406,-0.02906976744186046,0.08139534883720931,77,0.19208211143695014,0.23049645390070922,-0.016380045946832955,-0.032124969177054846,-0.008288393492998217
metadata,en-zh,tokens_fertility,p50,zh,19788.3,0.6888888888888889,0.5,keyword,86,0.9011627906976745,0.8197674418604651,0.08139534883720931,0.023255813953488372,0.14147286821705427,77,0.19208211143695014,0.3643451905685281,-0.12526921781026734,-0.18598002172493067,-0.03449356484275634
metadata,en-zh,tokens_fertility,p75,zh,26920.7,0.4488888888888889,0.25,judge,86,0.9418604651162791,0.8895348837209303,0.05232558139534884,0.0019379844961240358,0.10658914728682171,81,0.19184376794945435,0.22139483118957404,-0.02244033794157485,-0.038071091765621984,-0.0070018644617380055
metadata,en-zh,tokens_fertility,p75,zh,26920.7,0.4488888888888889,0.25,keyword,86,0.9418604651162791,0.8624031007751937,0.07945736434108527,0.02325581395348838,0.13953488372093023,80,0.18898977366719302,0.3675701553498144,-0.12651597620357327,-0.20111687467879275,-0.05313109773326891
sycophancy,en-tr,sentences,uncapped,tr,,0.0,0.0,judge,25,0.92,1.0,-0.08,-0.2,0.0,23,0.14134392585236677,0.12697841726618705,-0.014552696078431375,-0.060771023988648136,0.055006159890786804
sycophancy,en-tr,sentences,uncapped,tr,,0.0,0.0,keyword,25,0.96,1.0,-0.04,-0.12,0.0,24,0.13718213507015836,0.10057955500545684,-0.008977213087538363,-0.09063020348262918,0.07998044564545048
sycophancy,en-tr,sentences,p25,tr,386.0,1.0,0.75,judge,25,0.48,1.0,-0.52,-0.72,-0.32,12,0.1981865284974093,0.15284974093264247,0.018134715025906724,-0.011658031088082905,0.12938669018483812
sycophancy,en-tr,sentences,p25,tr,386.0,1.0,0.75,keyword,25,0.56,1.0,-0.44,-0.64,-0.24,14,0.22020725388601037,0.15284974093264247,0.02771127389673038,0.002590673575129536,0.14856546284123423
sycophancy,en-tr,sentences,p50,tr,556.5,1.0,0.5,judge,25,0.6,1.0,-0.4,-0.6,-0.2,15,0.1528776978417266,0.0896551724137931,0.008992805755395683,-0.017985611510791352,0.08123590679695049
sycophancy,en-tr,sentences,p50,tr,556.5,1.0,0.5,keyword,25,0.68,1.0,-0.32,-0.52,-0.16,17,0.1528776978417266,0.0896551724137931,0.07486351344456349,-0.005122798313073676,0.19424460431654667
sycophancy,en-tr,sentences,p75,tr,722.0,0.967741935483871,0.25,judge,25,0.6,1.0,-0.4,-0.6,-0.2,15,0.11772853185595568,0.0896551724137931,0.006925207756232687,-0.02455821950520584,0.055006159890786804
sycophancy,en-tr,sentences,p75,tr,722.0,0.967741935483871,0.25,keyword,25,0.72,1.0,-0.28,-0.44,-0.12,18,0.17454341314120486,0.0988442067055115,0.03842218736275291,-0.015028206320642168,0.187326433404312
sycophancy,en-tr,tokens,uncapped,tr,,0.0,0.0,judge,25,0.92,1.0,-0.08,-0.2,0.0,23,0.14134392585236677,0.12697841726618705,-0.014552696078431375,-0.060771023988648136,0.055006159890786804
sycophancy,en-tr,tokens,uncapped,tr,,0.0,0.0,keyword,25,0.96,1.0,-0.04,-0.12,0.0,24,0.13718213507015836,0.10057955500545684,-0.008977213087538363,-0.09063020348262918,0.07998044564545048
sycophancy,en-tr,tokens,p25,tr,8319.5,1.0,0.75,judge,25,0.6,1.0,-0.4,-0.6,-0.2,15,0.195852534562212,0.1848341232227488,0.01756421148944513,-0.05253840337839083,0.13618216983541948
sycophancy,en-tr,tokens,p25,tr,8319.5,1.0,0.75,keyword,25,0.68,1.0,-0.32,-0.52,-0.16,17,0.2078239608801956,0.1848341232227488,0.023054659720499457,-0.02055542753753062,0.13618216983541948
sycophancy,en-tr,tokens,p50,tr,11228.2,0.967741935483871,0.5,judge,25,0.64,1.0,-0.36,-0.56,-0.16,16,0.14418750413299175,0.11218509916026442,0.006182315888054451,-0.015449124727004066,0.1698056207692576
sycophancy,en-tr,tokens,p50,tr,11228.2,0.967741935483871,0.5,keyword,25,0.76,1.0,-0.24,-0.4,-0.08,19,0.2,0.13471502590673576,0.043729027122066444,-0.007993059766862072,0.3162154517168067
sycophancy,en-tr,tokens,p75,tr,15505.3,0.967741935483871,0.25,judge,25,0.68,1.0,-0.32,-0.52,-0.16,17,0.13186813186813187,0.1041388518024032,0.007086167800453517,-0.03115596603604945,0.16027905785970303
sycophancy,en-tr,tokens,p75,tr,15505.3,0.967741935483871,0.25,keyword,25,0.76,1.0,-0.24,-0.4,-0.08,19,0.13302034428794993,0.1041388518024032,0.016220720230897323,-0.03008609763559285,0.16027905785970303
sycophancy,en-tr,tokens_fertility,uncapped,tr,,0.0,0.0,judge,25,0.92,1.0,-0.08,-0.2,0.0,23,0.14134392585236677,0.12697841726618705,-0.014552696078431375,-0.060771023988648136,0.055006159890786804
sycophancy,en-tr,tokens_fertility,uncapped,tr,,0.0,0.0,keyword,25,0.96,1.0,-0.04,-0.12,0.0,24,0.13718213507015836,0.10057955500545684,-0.008977213087538363,-0.09063020348262918,0.07998044564545048
sycophancy,en-tr,tokens_fertility,p25,tr,6001.2,1.0,0.75,judge,25,0.48,1.0,-0.52,-0.72,-0.32,12,0.21185923126836903,0.13969838548844296,0.023873696661892672,-0.0006658191067429337,0.15169457035124312
sycophancy,en-tr,tokens_fertility,p25,tr,6001.2,1.0,0.75,keyword,25,0.56,1.0,-0.44,-0.64,-0.24,14,0.26780193355253473,0.13969838548844296,0.046368285305591124,0.003379209947849694,0.22765398360311118
sycophancy,en-tr,tokens_fertility,p50,tr,8099.4,1.0,0.5,judge,25,0.6,1.0,-0.4,-0.6,-0.2,15,0.20334928229665072,0.13471502590673576,0.026108374384236452,0.0007431414239415235,0.14139079040885794
sycophancy,en-tr,tokens_fertility,p50,tr,8099.4,1.0,0.5,keyword,25,0.68,1.0,-0.32,-0.52,-0.16,17,0.21303258145363407,0.13471502590673576,0.09266405386393328,0.0007431414239415235,0.276229481110643
sycophancy,en-tr,tokens_fertility,p75,tr,11184.6,0.967741935483871,0.25,judge,25,0.64,1.0,-0.36,-0.56,-0.16,16,0.14479506152793403,0.09689701210809815,0.015046317969185858,-0.007993059766862072,0.1973048402589091
sycophancy,en-tr,tokens_fertility,p75,tr,11184.6,0.967741935483871,0.25,keyword,25,0.76,1.0,-0.24,-0.4,-0.08,19,0.20077220077220076,0.1041388518024032,0.055006159890786804,-0.006616303155842579,0.31767788752267684
sycophancy,en-zh,sentences,uncapped,zh,,0.0,0.0,judge,25,0.88,1.0,-0.12,-0.28,0.0,22,0.11998161671284394,0.09152015036891753,-0.0010321156633574854,-0.04469694283169662,0.09987435261303508
sycophancy,en-zh,sentences,uncapped,zh,,0.0,0.0,keyword,25,0.92,1.0,-0.08,-0.2,0.0,23,0.13302034428794993,0.09437751004016064,-0.005083002481825111,-0.05848453764420728,0.09710874207800518
sycophancy,en-zh,sentences,p25,zh,682.0,0.967741935483871,0.7241379310344828,judge,25,0.56,0.84,-0.28,-0.52,-0.04,12,0.12463343108504399,0.11363636363636363,0.031406136759602785,-0.11876832844574779,0.16292387250527823
sycophancy,en-zh,sentences,p25,zh,682.0,0.967741935483871,0.7241379310344828,keyword,25,0.68,0.84,-0.16,-0.4,0.08,14,0.12882688768649697,0.11363636363636363,0.03213927458951481,-0.11673399234817733,0.18601353229089074
sycophancy,en-zh,sentences,p50,zh,1059.0,0.9032258064516129,0.4827586206896552,judge,25,0.6,0.88,-0.28,-0.48,-0.08,14,0.11153135858465293,0.10195740468957984,0.017312444652568818,-0.08215297450424928,0.11624750203131519
sycophancy,en-zh,sentences,p50,zh,1059.0,0.9032258064516129,0.4827586206896552,keyword,25,0.72,0.88,-0.16,-0.36,0.04,16,0.14016456307881914,0.10195740468957984,0.01778458818420243,-0.08215297450424928,0.11624750203131519
sycophancy,en-zh,sentences,p75,zh,1655.0,0.7741935483870968,0.2413793103448276,judge,25,0.72,0.96,-0.24,-0.44,-0.04,17,0.11540785498489425,0.09437751004016064,0.005989883356984981,-0.06214157039681359,0.10715005035246727
sycophancy,en-zh,sentences,p75,zh,1655.0,0.7741935483870968,0.2413793103448276,keyword,25,0.84,0.96,-0.12,-0.28,0.04,20,0.13206908453068192,0.09915250124364527,0.024222458716362236,-0.05735477311381465,0.1088253748702189
sycophancy,en-zh,tokens,uncapped,zh,,0.0,0.0,judge,25,0.88,1.0,-0.12,-0.28,0.0,22,0.11998161671284394,0.09152015036891753,-0.0010321156633574854,-0.04469694283169662,0.09987435261303508
sycophancy,en-zh,tokens,uncapped,zh,,0.0,0.0,keyword,25,0.92,1.0,-0.08,-0.2,0.0,23,0.13302034428794993,0.09437751004016064,-0.005083002481825111,-0.05848453764420728,0.09710874207800518
sycophancy,en-zh,tokens,p25,zh,11770.0,0.967741935483871,0.7241379310344828,judge,25,0.6,0.88,-0.28,-0.48,-0.08,14,0.13699110083385888,0.12020252481999555,0.02601853272353123,-0.10032958460060756,0.10751704132625611
sycophancy,en-zh,tokens,p25,zh,11770.0,0.967741935483871,0.7241379310344828,keyword,25,0.72,0.88,-0.16,-0.36,0.04,16,0.16502638323533847,0.12020252481999555,0.026824984336434456,-0.12102657398356323,0.10751704132625611
sycophancy,en-zh,tokens,p50,zh,20134.9,0.9032258064516129,0.4827586206896552,judge,25,0.6,0.88,-0.28,-0.48,-0.08,14,0.09576939724093822,0.09044613754201078,0.012287317491143796,-0.06502157300372786,0.06545652748414375
sycophancy,en-zh,tokens,p50,zh,20134.9,0.9032258064516129,0.4827586206896552,keyword,25,0.76,0.88,-0.12,-0.32,0.08,17,0.13302034428794993,0.09222948438634714,0.013069334779900743,-0.07305276814622608,0.09710874207800518
sycophancy,en-zh,tokens,p75,zh,33438.3,0.6129032258064516,0.2413793103448276,judge,25,0.84,0.96,-0.12,-0.28,0.04,20,0.11998161671284394,0.09152015036891753,0.004844566122247951,-0.053844584312922904,0.09987435261303508
sycophancy,en-zh,tokens,p75,zh,33438.3,0.6129032258064516,0.2413793103448276,keyword,25,0.92,0.96,-0.04,-0.16,0.08,22,0.15598998580857124,0.09152015036891753,0.004844566122247951,-0.053844584312922904,0.10263996314806498
sycophancy,en-zh,tokens_fertility,uncapped,zh,,0.0,0.0,judge,25,0.88,1.0,-0.12,-0.28,0.0,22,0.11998161671284394,0.09152015036891753,-0.0010321156633574854,-0.04469694283169662,0.09987435261303508
sycophancy,en-zh,tokens_fertility,uncapped,zh,,0.0,0.0,keyword,25,0.92,1.0,-0.08,-0.2,0.0,23,0.13302034428794993,0.09437751004016064,-0.005083002481825111,-0.05848453764420728,0.09710874207800518
sycophancy,en-zh,tokens_fertility,p25,zh,13980.2,0.967741935483871,0.7241379310344828,judge,25,0.6,0.88,-0.28,-0.48,-0.08,14,0.1259507315845344,0.12020252481999555,2.673242021522526e-05,-0.10631993347677082,0.09710874207800518
sycophancy,en-zh,tokens_fertility,p25,zh,13980.2,0.967741935483871,0.7241379310344828,keyword,25,0.72,0.88,-0.16,-0.36,0.04,16,0.1395438800091435,0.12020252481999555,0.00042701019071390844,-0.14464838697032653,0.09710874207800518
sycophancy,en-zh,tokens_fertility,p50,zh,23915.8,0.8709677419354839,0.4827586206896552,judge,25,0.68,0.88,-0.2,-0.4,0.0,15,0.09004237288135593,0.09222948438634714,0.002739563366185478,-0.058608864682474185,0.056597556827844224
sycophancy,en-zh,tokens_fertility,p50,zh,23915.8,0.8709677419354839,0.4827586206896552,keyword,25,0.8,0.88,-0.08,-0.28,0.12,18,0.13046538898336887,0.09330349721325389,0.0056794118816269785,-0.07004668169773445,0.09710874207800518
sycophancy,en-zh,tokens_fertility,p75,zh,39717.2,0.45161290322580644,0.2413793103448276,judge,25,0.88,0.96,-0.08,-0.24,0.08,21,0.13302034428794993,0.08866279069767442,0.003963058218377367,-0.052124488198307825,0.09772119985735733
sycophancy,en-zh,tokens_fertility,p75,zh,39717.2,0.45161290322580644,0.2413793103448276,keyword,25,0.92,0.96,-0.04,-0.16,0.08,22,0.15512000588999547,0.09152015036891753,-0.000559972131723872,-0.05713302929756071,0.09772119985735733
unethical,en-tr,sentences,uncapped,tr,,0.0,0.0,judge,52,1.0,1.0,0.0,0.0,0.0,52,0.07699792960662526,0.17726087620338604,-0.04776983370973864,-0.13421442333421774,-0.008073920699892748
unethical,en-tr,sentences,uncapped,tr,,0.0,0.0,keyword,52,1.0,0.9647435897435896,0.035256410256410256,0.006410256410256411,0.07371794871794872,52,0.06333920948830173,0.16498266800849826,-0.054261268478371004,-0.15033255219834926,-0.03373031892603317
unethical,en-tr,sentences,p25,tr,290.5,0.9932885906040269,0.746268656716418,judge,52,0.7564102564102563,0.8525641025641024,-0.09615384615384616,-0.18269230769230768,-0.012820512820512818,44,0.1267241379310345,0.19709986047438707,-0.030789841565703635,-0.11293103448275862,-0.0014740721242432198
unethical,en-tr,sentences,p25,tr,290.5,0.9932885906040269,0.746268656716418,keyword,52,0.8173076923076923,0.8782051282051282,-0.0608974358974359,-0.14423076923076922,0.022435897435897433,45,0.13448275862068965,0.21379310344827587,-0.033993476234855546,-0.08793103448275863,0.009921355111917725
unethical,en-tr,sentences,p50,tr,457.0,0.912751677852349,0.5,judge,52,0.8525641025641024,0.9423076923076923,-0.08974358974358974,-0.17307692307692307,-0.01915064102564073,48,0.11641429613420862,0.17382564321510985,-0.02055866732418527,-0.0988736714598312,0.0049055973820185395
unethical,en-tr,sentences,p50,tr,457.0,0.912751677852349,0.5,keyword,52,0.8878205128205128,0.9134615384615384,-0.025641025641025644,-0.10897435897435898,0.04807692307692308,48,0.1012035010940919,0.16498266800849826,-0.029454802949092314,-0.07438465824918113,-0.004836738399998465
unethical,en-tr,sentences,p75,tr,719.2,0.8053691275167785,0.2537313432835821,judge,52,0.8846153846153846,0.9647435897435899,-0.08012820512820512,-0.15384615384615385,-0.012820512820512822,50,0.10500695410292071,0.17726087620338604,-0.04122473761962507,-0.11027070210406129,-0.006954102920723227
unethical,en-tr,sentences,p75,tr,719.2,0.8053691275167785,0.2537313432835821,keyword,52,0.9326923076923077,0.9358974358974359,-0.0032051282051282046,-0.0737179487179487,0.060897435897435896,50,0.07399960262269024,0.17726087620338604,-0.04068620080442055,-0.08950283490696836,-0.01396730194106026
unethical,en-tr,tokens,uncapped,tr,,0.0,0.0,judge,52,1.0,1.0,0.0,0.0,0.0,52,0.07699792960662526,0.17726087620338604,-0.04776983370973864,-0.13421442333421774,-0.008073920699892748
unethical,en-tr,tokens,uncapped,tr,,0.0,0.0,keyword,52,1.0,0.9647435897435896,0.035256410256410256,0.006410256410256411,0.07371794871794872,52,0.06333920948830173,0.16498266800849826,-0.054261268478371004,-0.15033255219834926,-0.03373031892603317
unethical,en-tr,tokens,p25,tr,6249.4,0.9664429530201343,0.746268656716418,judge,52,0.8269230769230769,0.8846153846153846,-0.057692307692307696,-0.15384615384615385,0.035256410256410256,46,0.12555419971527354,0.19241519622756312,-0.03273622585873685,-0.10679988239857494,-0.0010210456191079402
unethical,en-tr,tokens,p25,tr,6249.4,0.9664429530201343,0.746268656716418,keyword,52,0.8814102564102563,0.8814102564102563,2.135044278125301e-18,-0.08974358974358973,0.08974358974358974,47,0.13036850042620157,0.20987654320987653,-0.021820521820521854,-0.08753255860548992,0.005289342759884786
unethical,en-tr,tokens,p50,tr,9004.0,0.8993288590604027,0.5,judge,52,0.8653846153846154,0.9423076923076923,-0.07692307692307693,-0.15384615384615385,-0.009615384615384612,49,0.11466666666666667,0.16996533601699654,-0.023243916023120134,-0.1052729009238739,-0.0009207415702376515
unethical,en-tr,tokens,p50,tr,9004.0,0.8993288590604027,0.5,keyword,52,0.9006410256410255,0.9134615384615384,-0.012820512820512822,-0.08974358974358974,0.0576923076923077,49,0.09332023575638507,0.16217492776172482,-0.04429220865055367,-0.10554016318725318,-0.008944173641129403
unethical,en-tr,tokens,p75,tr,12836.6,0.785234899328859,0.2537313432835821,judge,52,0.9006410256410255,0.9647435897435896,-0.06410256410256411,-0.1346955128205128,-0.0032051282051282024,50,0.10959360426382411,0.17726087620338604,-0.04442941849641093,-0.11270908679927667,-0.0054351130379132915
unethical,en-tr,tokens,p75,tr,12836.6,0.785234899328859,0.2537313432835821,keyword,52,0.9487179487179487,0.939102564102564,0.009615384615384618,-0.05128205128205127,0.06410256410256411,50,0.07278642149929279,0.17726087620338604,-0.04601621648614225,-0.09529149309604129,-0.016454999302521228
unethical,en-tr,tokens_fertility,uncapped,tr,,0.0,0.0,judge,52,1.0,1.0,0.0,0.0,0.0,52,0.07699792960662526,0.17726087620338604,-0.04776983370973864,-0.13421442333421774,-0.008073920699892748
unethical,en-tr,tokens_fertility,uncapped,tr,,0.0,0.0,keyword,52,1.0,0.9647435897435896,0.035256410256410256,0.006410256410256411,0.07371794871794872,52,0.06333920948830173,0.16498266800849826,-0.054261268478371004,-0.15033255219834926,-0.03373031892603317
unethical,en-tr,tokens_fertility,p25,tr,4507.9,1.0,0.746268656716418,judge,52,0.7628205128205128,0.8846153846153846,-0.1217948717948718,-0.21794871794871792,-0.028846153846153848,45,0.16666666666666666,0.19407894736842105,-0.014204101211176379,-0.046296296296296294,0.02493397197725951
unethical,en-tr,tokens_fertility,p25,tr,4507.9,1.0,0.746268656716418,keyword,52,0.8237179487179487,0.8814102564102563,-0.0576923076923077,-0.15064102564102566,0.035256410256410256,46,0.18022057307771594,0.20411182532394653,-0.004825227912707716,-0.05489061509194673,0.05209809402777877
unethical,en-tr,tokens_fertility,p50,tr,6494.9,0.959731543624161,0.5,judge,52,0.8333333333333333,0.9423076923076923,-0.10897435897435898,-0.19551282051282054,-0.03205128205128205,47,0.11650485436893204,0.16380952380952382,-0.014454538455616284,-0.08246217555207924,0.003767208389245068
unethical,en-tr,tokens_fertility,p50,tr,6494.9,0.959731543624161,0.5,keyword,52,0.8878205128205128,0.9134615384615384,-0.025641025641025644,-0.10897435897435898,0.04807692307692308,48,0.1263958185919595,0.16607013188936068,-0.016130277681795945,-0.05349981619638395,0.02761596548004315
unethical,en-tr,tokens_fertility,p75,tr,9259.5,0.8993288590604027,0.2537313432835821,judge,52,0.8653846153846154,0.9647435897435896,-0.09935897435897437,-0.1762820512820513,-0.032051282051282055,49,0.11466666666666667,0.16996533601699654,-0.024773329053999843,-0.09542428169265829,0.0010584595342778003
unethical,en-tr,tokens_fertility,p75,tr,9259.5,0.8993288590604027,0.2537313432835821,keyword,52,0.9006410256410255,0.939102564102564,-0.038461538461538464,-0.11546474358974358,0.032051282051282055,49,0.0903041825095057,0.16996533601699654,-0.03573540332166505,-0.08700462219885499,-0.0009207415702376515
unethical,en-zh,sentences,uncapped,zh,,0.0,0.0,judge,56,1.0,0.9880952380952381,0.011904761904761906,0.0,0.03571428571428571,56,0.07092582242095177,0.15260191456276573,-0.0618504910862252,-0.10878842338335351,-0.034187436628076884
unethical,en-zh,sentences,uncapped,zh,,0.0,0.0,keyword,56,1.0,0.994047619047619,0.005952380952380953,0.0,0.017857142857142856,56,0.05461005763621044,0.1439084354961959,-0.0687356389365307,-0.1013915445629256,-0.03153152996926964
unethical,en-zh,sentences,p25,zh,473.0,0.9060402684563759,0.7445255474452555,judge,56,0.8720238095238094,0.9017857142857143,-0.02976190476190476,-0.11011904761904763,0.0505952380952381,50,0.13027202255109233,0.18907973229555217,-0.022360075664849228,-0.11275531522290455,-0.006227943954533398
unethical,en-zh,sentences,p25,zh,473.0,0.9060402684563759,0.7445255474452555,keyword,56,0.9047619047619048,0.9166666666666666,-0.011904761904761904,-0.09233630952380951,0.06547619047619048,50,0.09778012684989429,0.1987060472303242,-0.06652563256280525,-0.1109936575052854,-0.007875557036255006
unethical,en-zh,sentences,p50,zh,718.0,0.8053691275167785,0.49635036496350365,judge,56,0.8928571428571429,0.9285714285714286,-0.03571428571428571,-0.1101190476190476,0.038690476190476185,53,0.09749303621169916,0.15634218289085547,-0.025801242101384087,-0.09212854312431003,-0.008356545961002784
unethical,en-zh,sentences,p50,zh,718.0,0.8053691275167785,0.49635036496350365,keyword,56,0.9375,0.9494047619047619,-0.011904761904761906,-0.0744047619047619,0.044642857142857144,53,0.07428571428571429,0.1692200557103064,-0.0668523676880223,-0.11838440111420614,-0.012898780002523464
unethical,en-zh,sentences,p75,zh,1394.0,0.4899328859060403,0.24817518248175183,judge,56,0.9553571428571429,0.9464285714285714,0.008928571428571433,-0.038690476190476185,0.05952380952380953,55,0.07971014492753623,0.14886164623467601,-0.0546094637138175,-0.1050032308686421,-0.024848140319437897
unethical,en-zh,sentences,p75,zh,1394.0,0.4899328859060403,0.24817518248175183,keyword,56,0.9761904761904762,0.9553571428571429,0.020833333333333336,-0.017857142857142856,0.05952380952380953,56,0.061387497151842475,0.14370610772072828,-0.05881647241557837,-0.1003068482522401,-0.025208562972072718
unethical,en-zh,tokens,uncapped,zh,,0.0,0.0,judge,56,1.0,0.9880952380952381,0.011904761904761906,0.0,0.03571428571428571,56,0.07092582242095177,0.15260191456276573,-0.0618504910862252,-0.10878842338335351,-0.034187436628076884
unethical,en-zh,tokens,uncapped,zh,,0.0,0.0,keyword,56,1.0,0.994047619047619,0.005952380952380953,0.0,0.017857142857142856,56,0.05461005763621044,0.1439084354961959,-0.0687356389365307,-0.1013915445629256,-0.03153152996926964
unethical,en-zh,tokens,p25,zh,8650.0,0.9060402684563759,0.7445255474452555,judge,56,0.8839285714285714,0.9107142857142857,-0.026785714285714284,-0.1101190476190476,0.05357142857142857,51,0.15436241610738255,0.18384401114206128,-0.011363348290110778,-0.10618960094338775,0.0001054749409579725
unethical,en-zh,tokens,p25,zh,8650.0,0.9060402684563759,0.7445255474452555,keyword,56,0.9166666666666666,0.9434523809523808,-0.02678571428571429,-0.10416666666666666,0.044642857142857144,52,0.097872824423788,0.18335105938026552,-0.05571332636975255,-0.11120176255595529,-0.004199610003815215
unethical,en-zh,tokens,p50,zh,12976.3,0.785234899328859,0.49635036496350365,judge,56,0.9077380952380951,0.9345238095238094,-0.026785714285714284,-0.09821428571428571,0.04174107142857171,53,0.11082474226804123,0.16356824519794627,-0.02775512731851823,-0.1050032308686421,-0.009533077251387106
unethical,en-zh,tokens,p50,zh,12976.3,0.785234899328859,0.49635036496350365,keyword,56,0.9523809523809523,0.9494047619047619,0.0029761904761904756,-0.05952380952380952,0.05952380952380952,53,0.07428571428571429,0.1558891454965358,-0.06751215307487055,-0.10483941733941735,-0.009533077251387106
unethical,en-zh,tokens,p75,zh,23672.6,0.4563758389261745,0.24817518248175183,judge,56,0.9553571428571429,0.9583333333333333,-0.0029761904761904747,-0.044642857142857144,0.04166666666666667,55,0.07428571428571429,0.15634218289085547,-0.061550759392486026,-0.1050032308686421,-0.025660364709037292
unethical,en-zh,tokens,p75,zh,23672.6,0.4563758389261745,0.24817518248175183,keyword,56,0.9851190476190476,0.9702380952380952,0.014880952380952384,-0.01488095238095238,0.04166666666666667,56,0.06501946415026993,0.1439084354961959,-0.05881647241557837,-0.1003068482522401,-0.026317841821756505
unethical,en-zh,tokens_fertility,uncapped,zh,,0.0,0.0,judge,56,1.0,0.9880952380952381,0.011904761904761906,0.0,0.03571428571428571,56,0.07092582242095177,0.15260191456276573,-0.0618504910862252,-0.10878842338335351,-0.034187436628076884
unethical,en-zh,tokens_fertility,uncapped,zh,,0.0,0.0,keyword,56,1.0,0.994047619047619,0.005952380952380953,0.0,0.017857142857142856,56,0.05461005763621044,0.1439084354961959,-0.0687356389365307,-0.1013915445629256,-0.03153152996926964
unethical,en-zh,tokens_fertility,p25,zh,10274.2,0.8791946308724832,0.7445255474452555,judge,56,0.9017857142857143,0.9107142857142857,-0.008928571428571426,-0.08333333333333333,0.0625,52,0.1304092949564299,0.182916377053207,-0.040675261651561656,-0.1050032308686421,-0.009790119728790705
unethical,en-zh,tokens_fertility,p25,zh,10274.2,0.8791946308724832,0.7445255474452555,keyword,56,0.9404761904761906,0.9434523809523808,-0.0029761904761904773,-0.07142857142857142,0.05952380952380952,53,0.08333333333333333,0.18198874296435272,-0.06620323159784561,-0.11157654496870725,-0.012169041707525717
unethical,en-zh,tokens_fertility,p50,zh,15412.9,0.738255033557047,0.49635036496350365,judge,56,0.9077380952380951,0.9345238095238094,-0.026785714285714284,-0.09821428571428571,0.04174107142857171,53,0.09317443120260022,0.16356824519794627,-0.04625742166983898,-0.1050032308686421,-0.014581489695227046
unethical,en-zh,tokens_fertility,p50,zh,15412.9,0.738255033557047,0.49635036496350365,keyword,56,0.9613095238095237,0.9494047619047619,0.011904761904761904,-0.041666666666666664,0.0625,54,0.07278642149929279,0.1523753958656059,-0.059752483712770275,-0.10310972990113118,-0.014174310370322775
unethical,en-zh,tokens_fertility,p75,zh,28117.8,0.3959731543624161,0.24817518248175183,judge,56,0.9613095238095237,0.9583333333333333,0.0029761904761904773,-0.03876488095238093,0.044642857142857144,55,0.07364341085271318,0.15634218289085547,-0.06215022277996438,-0.10821373132604355,-0.03170683357331543
unethical,en-zh,tokens_fertility,p75,zh,28117.8,0.3959731543624161,0.24817518248175183,keyword,56,0.9851190476190476,0.9702380952380952,0.014880952380952384,-0.01488095238095238,0.04166666666666667,56,0.05728181560663029,0.1439084354961959,-0.06639085115698284,-0.101380042462845,-0.03162396271284566
